employer,employer_display,filing_count,quarters_present,quarters,repeat_sponsor,soc_codes,soc_titles,worksite_states,worksite_cities,wage_annual_min,wage_annual_median,wage_annual_max
AMAZON COM SERVICES,Amazon.com Services LLC,155,1,FY2026Q1,no,15-1252,Software Developers,CA; MA; NJ; NY; OR; TN; TX; VA; WA,Arlington; Austin; Bellevue; Boston; Herndon; Irvine; Irving; Jersey City; Nashville; New York; North Reading; Portland; SEATTLE; San Diego; San Francisco; Santa Clara; Seattle; Sunnyvale,90355.0,131100.0,169900.0
PEOPLE TECH GROUP,"People Tech Group, Inc",55,1,FY2026Q1,no,15-1252,Software Developers,VA; WA,Arlington; Bellevue; Redmond; Seattle,101421.0,117749.0,117749.0
DELOITTE CONSULTING LLP,Deloitte Consulting LLP,53,1,FY2026Q1,no,15-1252,Software Developers,AL; AR; AZ; DC; FL; GA; IL; IN; KS; MO; NC; PA; TX,Alpharetta; Apopka; Atlanta; Aubrey; Austin; Birmingham; Cary; Centerton; Chicago; Dallas; Frisco; Gilbert; Greenwood; Indianapolis; Irving; Jacksonville; Jourdanton; Kansas City; Kyle; Lake Mary; Mechanicsburg; Morrisville; Naperville; Overland Park; Philadelphia; Round Rock; Ruskin; Sandy Springs; Sanford; Surprise; Tampa; Washington; York,72405.0,91707.0,148000.0
AMAZON DEVELOPMENT CENTER U S,"Amazon Development Center U.S., Inc.",36,1,FY2026Q1,no,15-1252,Software Developers,CA; MA; TX; VA; WA,Austin; BOSTON; Bellevue; Boston; Dallas; Herndon; Redmond; Santa Clara; Seattle,90896.0,129000.0,157090.0
AMAZON WEB SERVICES,"Amazon Web Services, Inc.",34,1,FY2026Q1,no,15-1252,Software Developers,CA; NC; NJ; NY; TX; VA; WA,Arlington; Austin; Bellevue; DALLAS; Dallas; East Palo Alto; Jersey City; New York; Raleigh; Santa Clara; Seattle,103210.0,127950.0,160601.0
MICROSOFT CORPORATION,Microsoft Corporation,29,1,FY2026Q1,no,15-1252,Software Developers,CA; FL; GA; MD; NJ; NY; TX; VA; WA,Arlington; Atlanta; Damascus; Elkridge; Irving; Jersey City; Mckinney; Mountain View; New York; Plano; Redmond; Riverview; Sunnyvale,90896.0,136060.0,155050.0
COMCAST CABLE COMMUNICATIONS,"Comcast Cable Communications, LLC",16,1,FY2026Q1,no,15-1252,Software Developers,CO; NJ; PA; VA,Englewood; Mount Laurel; Philadelphia; Reston; West Chester,88088.0,88088.0,101421.0
CLOUD ANALYTICS TECHNOLOGIES,CLOUD ANALYTICS TECHNOLOGIES LLC,15,1,FY2026Q1,no,15-1252,Software Developers,CA; GA; IA; IL; MA; MI; MO; NC; NJ; NY; TX; VA,ACTON; ALAMEDA; CHARLOTTE; DALLAS; DEARBORN; DES MOINES; DULUTH; DUNCANVILLE; MARIETTA; OAK BROOK; RESTON; SAN FRANCISCO; ST LOUIS; WHIPPANY,76045.0,90896.0,135699.0
AI TECHNOLOGIES,AI TECHNOLOGIES LLC,13,1,FY2026Q1,no,15-1252,Software Developers,FL; IL; MI; NY; OR; TX; VA,ADDISON; AUSTIN; CHICAGO; DALLAS; DEARBORN; HILLSBORO; MCLEAN; NEW YORK; PORTLAND; RICHMOND; TAMPA,78374.0,90896.0,103210.0
ARTIFICIAL INTELLIGENCE,ARTIFICIAL INTELLIGENCE LLC,13,1,FY2026Q1,no,15-1252,Software Developers,CA; FL; NC; NY; OH; TN; TX; VA,AUSTIN; CHELSEA; CLEVELAND; DALLAS; HEATHROW; MAITLAND; MCLEAN; MEMPHIS; MOORESVILLE; NEW YORK; ORLANDO; SACRAMENTO; WALLER,72883.0,90355.0,103210.0
COSTCO WHOLESALE CORPORATION,Costco Wholesale Corporation,13,1,FY2026Q1,no,15-1252,Software Developers,WA,Issaquah,133800.0,140000.0,148600.0
VIRTUAL REALITY TECHNOLOGIES,VIRTUAL REALITY TECHNOLOGIES LLC,13,1,FY2026Q1,no,15-1252,Software Developers,AZ; CA; GA; IN; MI; NC; NJ; NY; TN; WA; WI,ATLANTA; AUBURN; CHARLOTTE; FRANKLIN; INDIANAPOLIS; LANSING; MELVILLE; NASHVILLE; NEW YORK; PHOENIX; SACRAMENTO; WEEHAWKEN,70803.0,87859.0,117749.0
DOORDASH,"DoorDash, Inc.",12,1,FY2026Q1,no,15-1252,Software Developers,CA; NY; WA,New York; Seattle; Sunnyvale,140100.0,153600.0,170600.0
ROBOTICS STAFFING,ROBOTICS STAFFING LLC,12,1,FY2026Q1,no,15-1252,Software Developers,AZ; CA; GA; IL; MI; NY; TX,ALPHARETTA; AUBURN HILLS; CHICAGO; METTAWA; NEW YORK; PHOENIX; PLANO; SAN RAMON; SANTA CLARA,84053.0,89378.0,149365.0
SOFTWORLD TECHNOLOGIES,Softworld Technologies LLC,11,1,FY2026Q1,no,15-1252,Software Developers,AR; AZ; MN; NJ; NY; VA,Bentonville; Jersey City; McLean; New York; Phoenix; St Paul,88000.0,103500.0,103500.0
ARTIFICIAL INTELLIGENCE STAFFING,ARTIFICIAL INTELLIGENCE STAFFING LLC,10,1,FY2026Q1,no,15-1252,Software Developers,FL; GA; IL; NJ; OH; TX,CHICAGO; COLUMBUS; CORAL GABLES; DAYTON; DULUTH; DUNWOODY; EWING; RICHARDSON,82846.0,85644.0,103210.0
CLOUD SOCIAL TECHNOLOGIES,CLOUD SOCIAL TECHNOLOGIES LLC,10,1,FY2026Q1,no,15-1252,Software Developers,IL,CHICAGO,85467.0,85467.0,85467.0
FEDERAL SOFT SYSTEMS,Federal Soft Systems Inc.,10,1,FY2026Q1,no,15-1252,Software Developers,KS; NC; OH; TX; VA,Charlotte; Corpus Christi; LEANDER; Leesburg; Morrow; Overland Park; Plano,76086.0,82118.0,101421.0
TECH TAMMINA,"Tech Tammina, LLC",10,1,FY2026Q1,no,15-1252,Software Developers,CA; DC; MA; MD; NJ; TX,Germantown; Iselin; Katy; Newark; North Quincy; Raritan; Washington,90896.0,101421.0,135699.0
PAYCOM PAYROLL,"Paycom Payroll, LLC",8,1,FY2026Q1,no,15-1252,Software Developers,OK; TX,Grapevine; Irving; Oklahoma City,115000.0,122500.0,133500.0
THIRTHASOFT,"ThirthaSoft, LLC",8,1,FY2026Q1,no,15-1252,Software Developers,GA; NC; NJ,Atlanta; Charlotte; Decatur; Morris Plains,88000.0,88000.0,103210.0
ANA DATA CONSULTING,"Ana-Data Consulting, Inc.",7,1,FY2026Q1,no,15-1252,Software Developers,GA; NJ; NY; VA,Alpharetta; Iselin; McLean; New York; North Bergen; Princeton,100000.0,103210.0,105000.0
COLLABORATE SOLUTIONS,Collaborate Solutions Inc.,7,1,FY2026Q1,no,15-1252,Software Developers,CA; GA; NY; TX,Atlanta; Irving; Mountain House; New York; San Antonio,87859.0,102357.0,103210.0
IDEXCEL,Idexcel Inc,7,1,FY2026Q1,no,15-1252,Software Developers,DC; GA; TX; VA,Atlanta; Cumming; Little Elm; MCLean; McLean; Washington,95000.0,101425.0,115000.0
QUADRANT TECHNOLOGIES,Quadrant Technologies LLC,7,1,FY2026Q1,no,15-1252,Software Developers,CA; WA,Fremont; Redmond,117749.0,117749.0,135699.0
ARTIFINT TECHNOLOGIES,ARTIFINT TECHNOLOGIES LLC,6,1,FY2026Q1,no,15-1252,Software Developers,FL; NY; TN; VA,MCLEAN; NASHVILLE; NEW YORK; ORLANDO; RICHMOND,77251.0,84084.0,103210.0
AUGMENTED REALITY TECHNOLOGIES,AUGMENTED REALITY TECHNOLOGIES LLC,6,1,FY2026Q1,no,15-1252,Software Developers,IL,CHICAGO,85467.0,85467.0,85467.0
KANAP SYSTEMS,KANAP SYSTEMS LLC,6,1,FY2026Q1,no,15-1252,Software Developers,AZ; NJ; NY; TX; WA,East Greenbush; New York; Phoenix; Plano; Princeton; Seattle,80000.0,99105.0,117749.0
OPEN AVENUES FOUNDATION,Open Avenues Foundation,6,1,FY2026Q1,no,15-1252,Software Developers,NJ; NY,Long Island City; New York; Union City; Wyckoff,103210.0,103210.0,103210.0
RPA TECHNOLOGIES,RPA TECHNOLOGIES LLC,6,1,FY2026Q1,no,15-1252,Software Developers,CA; IA; TX; VA,ASHBURN; CONCORD; DES MOINES; KLEIN; RICHMOND; ROSEMEAD,81994.0,92758.0,135699.0
SAGE IT,SAGE IT INC,6,1,FY2026Q1,no,15-1252,Software Developers,AL; NC; NJ; TX,Charlotte; Frisco; Jersey City; Montgomer,67766.0,90896.0,103210.0
SARAS AMERICA,SARAS AMERICA INC.,6,1,FY2026Q1,no,15-1252,Software Developers,MI; MO; TX,FARMINGTON; Frisco; St Charles,76100.0,84100.0,91000.0
SRI TECH SOLUTIONS,SRI Tech Solutions Inc.,6,1,FY2026Q1,no,15-1252,Software Developers,CA; FL; NC; TX,Austin; Charlotte; Mountain View; Sunnyvale; Tampa,78374.0,90823.0,149365.0
3I INFOTECH,3i INFOTECH INC.,5,1,FY2026Q1,no,15-1252,Software Developers,FL; NY; SC; TX,FORT MILL; IRVING; NEW YORK; SAN ANTONIO; TAMPA,78374.0,91000.0,103210.0
ACEINTEGRATOR,ACEINTEGRATOR INC,5,1,FY2026Q1,no,15-1252,Software Developers,CA; NC; NJ,Charlotte; Milpitas; Parsippany,92000.0,103210.0,149365.0
BYTEDANCE,BYTEDANCE INC.,5,1,FY2026Q1,no,15-1252,Software Developers,CA,San Jose,160000.0,160000.0,168000.0
CIBERLYNX,Ciberlynx Inc,5,1,FY2026Q1,no,15-1252,Software Developers,FL; MA; VA,Boston; Manassas; Richmond; Sunrise,83637.0,101421.0,107557.0
DIASPARK,"Diaspark, Inc.",5,1,FY2026Q1,no,15-1252,Software Developers,NJ; NY; TX,Edison; Irving; New York,91000.0,104000.0,104000.0
ECCLESIASTES,"ECCLESIASTES, INC.",5,1,FY2026Q1,no,15-1252,Software Developers,AZ; GA; MN; NC,CHARLOTTE; DULUTH; EAGAN; PHOENIX,87360.0,87859.0,91291.0
FIDELITY TECHNOLOGY GROUP LLC D B A FIDELITY INVESTMENTS,"Fidelity Technology Group, LLC d/b/a Fidelity Investments",5,1,FY2026Q1,no,15-1252,Software Developers,NC; NH; TX,Durham; Merrimack; Westlake,90896.0,94182.0,102419.0
FOURTH TECHNOLOGIES,Fourth Technologies Inc.,5,1,FY2026Q1,no,15-1252,Software Developers,AL; NJ,Cherry Hill; Hoover,80000.0,90000.0,103500.0
ITEK INFO,Itek Info Inc,5,1,FY2026Q1,no,15-1252,Software Developers,WA,Bothell,118000.0,118000.0,118000.0
JOLTTEK,JOLTTEK INC,5,1,FY2026Q1,no,15-1252,Software Developers,DE; IL; NY; TX,New York; Princeton; Riverwoods; Wilmington,90000.0,91000.0,103210.0
KALPRA TECH SOLUTIONS,Kalpra Tech Solutions LLC,5,1,FY2026Q1,no,15-1252,Software Developers,NC; TX,Charlotte; Houston,84094.0,90896.0,91291.0
MACHINE INTELLIGENCE,MACHINE INTELLIGENCE LLC,5,1,FY2026Q1,no,15-1252,Software Developers,IL,CHICAGO,85467.0,85467.0,85467.0
OPTIMAL TECHNOLOGIES,"Optimal Technologies, Inc.",5,1,FY2026Q1,no,15-1252,Software Developers,CA; GA; NJ; TX,Alpharetta; Fort Worth; Fremont; Parsippany; Plano,87859.0,90896.0,135699.0
SLK AMERICA,SLK AMERICA INC,5,1,FY2026Q1,no,15-1252,Software Developers,FL; NY; OH,Buffalo; Cincinnati; Jacksonville,80142.0,81307.0,101255.0
STRATEGIC SYSTEMS,"Strategic Systems, Inc.",5,1,FY2026Q1,no,15-1252,Software Developers,CT; TX; VA,Hartford; Irving; McLean; Plano; Reston,90000.0,91000.0,102000.0
TIKTOK U S DATA SECURITY,TikTok U.S. Data Security Inc.,5,1,FY2026Q1,no,15-1252,Software Developers,CA,San Jose,153600.0,177000.0,187000.0
TREBECON,Trebecon LLC,5,1,FY2026Q1,no,15-1252,Software Developers,IL; MO; WA,Bellevue; O'Fallon; Peoria,75400.0,76045.0,117749.0
VITOSHA,Vitosha Inc,5,1,FY2026Q1,no,15-1252,Software Developers,NC; TX,Charlotte; Georgetown; Helotes; Irving; Plano,86000.0,91000.0,92000.0
WB SOLUTIONS,WB Solutions LLC,5,1,FY2026Q1,no,15-1252,Software Developers,CA; FL; TX,Mountain View; Prosper; Tampa,78374.0,90896.0,149365.0
AIRCALL IO,"Aircall.io, Inc.",4,1,FY2026Q1,no,15-1252,Software Developers,CA; WA,Bellevue; San Francisco,150000.0,190000.0,240000.0
CLARKSTECH,ClarksTech LLC,4,1,FY2026Q1,no,15-1252,Software Developers,NJ,Berkeley Heights,103210.0,103210.0,103210.0
CLEVERSMITHS,Cleversmiths Inc,4,1,FY2026Q1,no,15-1252,Software Developers,CA; NC; TX,Charlotte; Irving; Rancho Cucamonga,90896.0,91094.0,91354.0
CODE GRAVITY,Code Gravity LLC,4,1,FY2026Q1,no,15-1252,Software Developers,IL; TX,Chicago; Irving; Lewisville,85467.0,90896.0,90896.0
DUOLINGO,"Duolingo, Inc.",4,1,FY2026Q1,no,15-1252,Software Developers,NY; PA,New York; Pittsburgh,135000.0,135000.0,135000.0
ERBA SOLUTIONS,ERBA Solutions LLC,4,1,FY2026Q1,no,15-1252,Software Developers,IL; NJ,Addison; Jersey City,92000.0,103250.0,103500.0
HUBSPOT,"HubSpot, Inc.",4,1,FY2026Q1,no,15-1252,Software Developers,CA; NJ; WA,San Jose; Seacaucus; Seattle,124200.0,124200.0,157600.0
INSIGHT GLOBAL,"Insight Global, LLC",4,1,FY2026Q1,no,15-1252,Software Developers,CA; RI; TX; WA,Cranston; Irving; San Jose; Seattle,90418.0,104322.0,149365.0
INSPIRISYS SOLUTIONS NORTH AMERICA,"Inspirisys Solutions North America, Inc.",4,1,FY2026Q1,no,15-1252,Software Developers,CA; WA,San Diego; Vancouver,102898.0,115638.0,116275.0
KARWELL TECHNOLOGIIES,"KARWELL TECHNOLOGIIES, INC.",4,1,FY2026Q1,no,15-1252,Software Developers,IL; NJ,HARRISON; NEWARK; RARITAN; ROSEMONT,93600.0,103605.0,104000.0
LEAD IT CORPORATION,Lead IT Corporation,4,1,FY2026Q1,no,15-1252,Software Developers,AZ; TX,Austin; Irving; Phoenix,87651.0,90355.0,90896.0
MEBHAZ,Mebhaz Inc.,4,1,FY2026Q1,no,15-1252,Software Developers,MD; TX; VA,Chantilly; Houston; Woodlawn,84094.0,88524.0,101421.0
MOXIE IT SOLUTIONS,Moxie IT Solutions Inc,4,1,FY2026Q1,no,15-1252,Software Developers,SC; VA,Ashburn; Fort Mill,91300.0,101500.0,101500.0
MPHASIS CORPORATION,Mphasis Corporation,4,1,FY2026Q1,no,15-1252,Software Developers,GA,Atlanta; Cumming; Sandy Springs,110000.0,110000.0,110000.0
NAMITUS TECHNOLOGIES,Namitus Technologies Inc,4,1,FY2026Q1,no,15-1252,Software Developers,TX,Frisco; Grand Prairie; Plano,90900.0,90900.0,90900.0
RAVEN SOFTWARE SOLUTIONS,Raven Software Solutions Inc,4,1,FY2026Q1,no,15-1252,Software Developers,CA; TX,Farmers Branch; Irving; Pleasanton,90896.0,90896.0,135699.0
SAVIN TECHNOLOGIES,"Savin Technologies,Inc",4,1,FY2026Q1,no,15-1252,Software Developers,CA; TX,San Jose; Westlake,90896.0,90896.0,149365.0
SYNOPSYS,"Synopsys, Inc.",4,1,FY2026Q1,no,15-1252,Software Developers,IL; NC; PA,Apex; Canonsburg; Evanston,76918.0,82254.0,91707.0
VENTURESOFT GLOBAL,VENTURESOFT GLOBAL INC,4,1,FY2026Q1,no,15-1252,Software Developers,CA; MI,Grand Rapids; PLEASANTON; San Ramon,72426.0,135699.0,135699.0
9M SOLUTIONS,9M Solutions Inc.,3,1,FY2026Q1,no,15-1252,Software Developers,NJ; VA,Hamilton Township; Henrico,85821.0,85821.0,91707.0
ADVANCED RESOURCE STAFFING,Advanced Resource Staffing Inc,3,1,FY2026Q1,no,15-1252,Software Developers,AZ; CA; DC,Antioch; Phoenix; Washington,96768.0,101421.0,135699.0
AMAZON DATA SERVICES,"Amazon Data Services, Inc",3,1,FY2026Q1,no,15-1252,Software Developers,CO; WA,Bellevue; Denver; Seattle,117749.0,117749.0,121600.0
APPLIED INTUITION,"Applied Intuition, Inc.",3,1,FY2026Q1,no,15-1252,Software Developers,CA,Sunnyvale,149365.0,150000.0,175000.0
ARCUS TECHNOLOGIES,Arcus Technologies,3,1,FY2026Q1,no,15-1252,Software Developers,FL; SC; TX,Fort Mill; Plano; Tallahassee,88000.0,95000.0,102000.0
ARMADA SYSTEMS,"Armada Systems, Inc.",3,1,FY2026Q1,no,15-1252,Software Developers,WA,Bellevue,128000.0,135000.0,135000.0
AROHAK,Arohak Inc,3,1,FY2026Q1,no,15-1252,Software Developers,NJ,Mahwah; Raritan,103500.0,103500.0,105000.0
ASTIR IT SOLUTIONS,"ASTIR IT SOLUTIONS, INC",3,1,FY2026Q1,no,15-1252,Software Developers,GA; TX,Dawsonville; Westlake,88000.0,88000.0,91000.0
AVCO CONSULTING,"Avco Consulting, Inc.",3,1,FY2026Q1,no,15-1252,Software Developers,FL; PA; VA,Mechanicsburg; Richmond; Wesley Chapel,77106.0,78374.0,86549.0
AVIDXCHANGE,"AvidXchange, Inc.",3,1,FY2026Q1,no,15-1252,Software Developers,CA,San Diego,116000.0,116000.0,116000.0
AXON ENTERPRISE,"Axon Enterprise, Inc.",3,1,FY2026Q1,no,15-1252,Software Developers,MA; WA,Boston; Seattle,120000.0,135000.0,138000.0
BLUE LOTUS SYSTEMS,"Blue Lotus Systems, Inc.",3,1,FY2026Q1,no,15-1252,Software Developers,GA; TX,Austin; Douglasville; The Woodlands,89040.0,90600.0,95680.0
BNS INTERNATIONAL,BNS INTERNATIONAL INC,3,1,FY2026Q1,no,15-1252,Software Developers,CA; NJ; TX,AUBREY; IRVINE; TRENTON,85821.0,90896.0,102232.0
COGNIER,COGNIER INC,3,1,FY2026Q1,no,15-1252,Software Developers,CA; MO; TX,Jefferson City; San Antonio; San Jose,62150.0,85446.0,149365.0
CONSULTADD,ConsultAdd Inc.,3,1,FY2026Q1,no,15-1252,Software Developers,NY,New York,103210.0,103210.0,103210.0
CREATIVE TEAM,Creative Team LLC,3,1,FY2026Q1,no,15-1252,Software Developers,CA; FL; NC,Brandon; Charlotte; Orange,78374.0,91291.0,102232.0
CVS PHARMACY,CVS Pharmacy Inc.,3,1,FY2026Q1,no,15-1252,Software Developers,RI; TX,Cumberland; Frisco,102209.0,105575.0,106365.0
DATAQUAD,Dataquad Inc.,3,1,FY2026Q1,no,15-1252,Software Developers,OH; SC,COLUMBUS; Columbus; Indian Land,82846.0,89990.0,91291.0
ENCORA DIGITAL,Encora Digital LLC,3,1,FY2026Q1,no,15-1252,Software Developers,NJ,Englewood Cliffs,103210.0,103210.0,120000.0
EUREKA INFOTECH,EUREKA INFOTECH INC,3,1,FY2026Q1,no,15-1252,Software Developers,OH; VA,McLean; Westerville,82900.0,86500.0,101460.0
FIONA SOLUTIONS,FIONA SOLUTIONS INC,3,1,FY2026Q1,no,15-1252,Software Developers,CA; NC; TX,Brea; Pflugerville; Pineville,92000.0,99000.0,108000.0
G3 SOFT,G3 Soft Inc,3,1,FY2026Q1,no,15-1252,Software Developers,NC; NJ; TX,Austin; Durham; Upper Saddle River,90896.0,101421.0,103210.0
HEALTHEDGE SOFTWARE,HealthEdge Software,3,1,FY2026Q1,no,15-1252,Software Developers,MA,Boston,116132.0,116132.0,172000.0
HPS SOFTWARE SOLUTIONS,"HPS SOFTWARE SOLUTIONS, INC.",3,1,FY2026Q1,no,15-1252,Software Developers,MO,Maryland Heights; O'Fallon,76500.0,76500.0,76500.0
INFOCONS,Infocons Inc,3,1,FY2026Q1,no,15-1252,Software Developers,PA,Exton; West Chester,88088.0,88088.0,88088.0
INVINCIBLE TECH SYSTEMS,Invincible Tech Systems Inc.,3,1,FY2026Q1,no,15-1252,Software Developers,MA; TX,Boston; Plano,90896.0,107557.0,107557.0
LIVEMINDZ SERVICES,LiveMindz Services Inc,3,1,FY2026Q1,no,15-1252,Software Developers,TX,Farmers Branch,90896.0,90896.0,90896.0
LYFT,"LYFT, Inc.",3,1,FY2026Q1,no,15-1252,Software Developers,CA; NY; WA,New York; San Francisco; Seattle,128000.0,128000.0,148000.0
META PLATFORMS,"Meta Platforms, Inc",3,1,FY2026Q1,no,15-1252,Software Developers,CA; NY; WA,Menlo Park; New York; Seattle,133212.0,139000.0,140285.0
MPOWER LOGIC,MPOWER LOGIC INC.,3,1,FY2026Q1,no,15-1252,Software Developers,SC; TX,FORT MILL; PLANO,90896.0,91707.0,91707.0
NYC GRAVITYNET,"NYC GRAVITYNET, LLC.",3,1,FY2026Q1,no,15-1252,Software Developers,NY; PA,Melville; PHILADELPHIA,88088.0,88088.0,103210.0
ORPINE,Orpine Inc,3,1,FY2026Q1,no,15-1252,Software Developers,AZ; CA,Phoenix; San Diego,87660.0,102794.0,102794.0
PIONEER TEK SERVICES,Pioneer Tek Services Inc,3,1,FY2026Q1,no,15-1252,Software Developers,MO; TX,Celina; Chesterfield; Plano,76045.0,90896.0,90896.0
PRO IT,"Pro IT, Inc.",3,1,FY2026Q1,no,15-1252,Software Developers,MO,Chesterfield,90896.0,90896.0,96000.0
QUALYS,"QUALYS, INC.",3,1,FY2026Q1,no,15-1252,Software Developers,CA; NC,Foster City; Raleigh,91707.0,135699.0,149365.0
RAAS INFOTEK,Raas Infotek LLC,3,1,FY2026Q1,no,15-1252,Software Developers,CA; OR; PA,Hillsboro; Philadelphia; San Jose,103000.0,149500.0,1068000.0
ROCKET MORTGAGE,"Rocket Mortgage, LLC",3,1,FY2026Q1,no,15-1252,Software Developers,AZ; MI; NC,Charlotte; Lansing; Phoenix,85000.0,88000.0,91921.0
S R INTERNATIONAL,"S R International, Inc.",3,1,FY2026Q1,no,15-1252,Software Developers,NJ; PA,Basking Ridge; Malvern,104000.0,117000.0,118560.0
SACROSANCTINFO,SACROSANCTINFO LLC,3,1,FY2026Q1,no,15-1252,Software Developers,CA; NJ; TX,Live Oak; Stratford; Sunnyvale,85446.0,91000.0,149365.0
SCADEA SOFTWARE SOLUTIONS,Scadea Software Solutions Inc.,3,1,FY2026Q1,no,15-1252,Software Developers,NC; NJ,Charlotte; Princeton,85821.0,85821.0,91291.0
SPARK INFOTECH,Spark Infotech Inc,3,1,FY2026Q1,no,15-1252,Software Developers,AZ; TX,Austin; Scottsdale,87651.0,87651.0,90355.0
SUSQUEHANNA INTERNATIONAL GROUP LLP,"Susquehanna International Group, LLP",3,1,FY2026Q1,no,15-1252,Software Developers,PA,Bala Cynwyd,88100.0,88100.0,88100.0
TANISHA SYSTEMS,TANISHA SYSTEMS INC,3,1,FY2026Q1,no,15-1252,Software Developers,IL; NC; TX,Chicago; Concord; The Colony,85500.0,91000.0,91300.0
TECHNOSOFT CORPORATION,TECHNOSOFT CORPORATION,3,1,FY2026Q1,no,15-1252,Software Developers,CO; PA; TX,Austin; Mechanicsburg; Parker,77106.0,90355.0,98738.0
TECHPRO SOLUTIONS,"TECHPRO SOLUTIONS, INC.",3,1,FY2026Q1,no,15-1252,Software Developers,GA; IL,ALPHARETTA; BUFFALO GROVE; CHICAGO,86000.0,88000.0,95000.0
TEKCOMMANDS,TeKCommands Inc,3,1,FY2026Q1,no,15-1252,Software Developers,PA; VA,Herndon; Philadelphia,88088.0,88088.0,101421.0
TOYOTA MATERIAL HANDLING,Toyota Material Handling Inc.,3,1,FY2026Q1,no,15-1252,Software Developers,NY,Greene,86054.0,93600.0,100172.0
UNITED WHOLESALE MORTGAGE,"United Wholesale Mortgage, LLC",3,1,FY2026Q1,no,15-1252,Software Developers,MI,Pontiac,85000.0,95000.0,95000.0
VAK IT SYSTEMS,Vak IT Systems Inc,3,1,FY2026Q1,no,15-1252,Software Developers,CA; TX; VA,FRESNO; PLANO; RICHMOND,83637.0,84510.0,90896.0
VEDHOPS IT SERVICES,VEDHOPS IT SERVICES LLC,3,1,FY2026Q1,no,15-1252,Software Developers,MO; NY; TX,Aubrey; NewYork; Saint Charles,79899.0,90896.0,103210.0
VERINON TECHNOLOGY SOLUTIONS,Verinon Technology Solutions Ltd,3,1,FY2026Q1,no,15-1252,Software Developers,OH,Columbus,82846.0,82846.0,82846.0
VERKADA,Verkada Inc.,3,1,FY2026Q1,no,15-1252,Software Developers,CA,San Mateo; San Mato,150000.0,150000.0,150000.0
VISUAL CONCEPTS ENTERTAINMENT,Visual Concepts Entertainment,3,1,FY2026Q1,no,15-1252,Software Developers,CA,Novato,135699.0,135699.0,135699.0
WISE GEN,WISE GEN INC,3,1,FY2026Q1,no,15-1252,Software Developers,FL; TX,GEORGETOWN; Riverview,78374.0,90355.0,163542080.0
XCEED TECHNOLOGIES,XCEED TECHNOLOGIES INC.,3,1,FY2026Q1,no,15-1252,Software Developers,MO; NJ,CREVE COEUR; METUCHEN,79040.0,103210.0,103210.0
XTRACIT,XTRACIT INC,3,1,FY2026Q1,no,15-1252,Software Developers,NC; TX,Plano; Raleigh,90896.0,90896.0,91707.0
A D BANKER COMPANY,"A.D. Banker & Company, LLC",2,1,FY2026Q1,no,15-1252,Software Developers,KS,Overland Park,95242.0,95265.0,95288.0
A M IT SOLUTIONS,A&M IT SOLUTIONS LLC,2,1,FY2026Q1,no,15-1252,Software Developers,GA; NJ,Harrison; Lilburn,87900.0,95575.0,103250.0
ABCO COMPUTERS,ABCO COMPUTERS INC,2,1,FY2026Q1,no,15-1252,Software Developers,UT,Taylorsville,93600.0,93600.0,93600.0
ABS TECH,ABS Tech LLC,2,1,FY2026Q1,no,15-1252,Software Developers,MN,Hopkins,87360.0,87360.0,87360.0
ADVANCED MICRO DEVICES,"Advanced Micro Devices, Inc.",2,1,FY2026Q1,no,15-1252,Software Developers,TX; WA,Austin; Bellevue,90355.0,104052.0,117749.0
ADVANTAGE IT,ADVANTAGE IT INC,2,1,FY2026Q1,no,15-1252,Software Developers,TX,"Apt 244, Building 13; Round Rock",90355.0,90626.0,90896.0
AIG PC GLOBAL SERVICES,"AIG PC Global Services, Inc.",2,1,FY2026Q1,no,15-1252,Software Developers,GA,Atlanta,87859.0,87859.0,87859.0
AIVY,AIVY Inc.,2,1,FY2026Q1,no,15-1252,Software Developers,CA,San Jose,149365.0,149365.0,149365.0
AKAMAI TECHNOLOGIES,"Akamai Technologies, Inc.",2,1,FY2026Q1,no,15-1252,Software Developers,CA; WA,Kirkland; San Jose,128000.0,141677.0,155354.0
ALIBABA CLOUD US,Alibaba Cloud US LLC,2,1,FY2026Q1,no,15-1252,Software Developers,CA,Sunnyvale,149365.0,149365.0,149365.0
ALPHA IT CONSULTING CORPORATION,ALPHA IT CONSULTING CORPORATION,2,1,FY2026Q1,no,15-1252,Software Developers,KY; TX,Lexington; Plano,79934.0,89467.0,99000.0
AMICUS GLOBAL IT,"AMICUS GLOBAL IT, INC.",2,1,FY2026Q1,no,15-1252,Software Developers,MO; TX,Irving; Saint Louis,76045.0,83470.0,90896.0
AMISEQ,Amiseq Inc,2,1,FY2026Q1,no,15-1252,Software Developers,CA,Mountain View; SUNNYVALE,149760.0,149880.0,150000.0
AMITY SOLUTIONS,Amity Solutions Inc,2,1,FY2026Q1,no,15-1252,Software Developers,GA; TX,Aubrey; CANTON,88000.0,93500.0,99000.0
APPSBOAT,Appsboat Inc,2,1,FY2026Q1,no,15-1252,Software Developers,TX,Irving,90896.0,90896.0,90896.0
AR INFOTEK SOLUTIONS,AR INFOTEK SOLUTIONS LLC,2,1,FY2026Q1,no,15-1252,Software Developers,TX,Georgetown; Suite1220,90355.0,90355.0,90355.0
ATEK IT,Atek IT Inc,2,1,FY2026Q1,no,15-1252,Software Developers,TX,Frisco; Plano,91000.0,91000.0,91000.0
ATMANICA TECHNOLOGIES,ATMANICA Technologies LLC,2,1,FY2026Q1,no,15-1252,Software Developers,TX; VA,Irving; McLean,91000.0,96250.0,101500.0
AUGUSTA HITECH SOFT SOLUTIONS,"Augusta Hitech Soft Solutions, LLC",2,1,FY2026Q1,no,15-1252,Software Developers,TX,Irving; Plano,90896.0,90896.0,90896.0
AUGUSTA IT SOLUTIONS,AUGUSTA IT SOLUTIONS LLC,2,1,FY2026Q1,no,15-1252,Software Developers,VA,MCLEAN,101421.0,101421.0,101421.0
AVANI TECHNOLOGY SOLUTIONS,"Avani Technology Solutions, Inc.",2,1,FY2026Q1,no,15-1252,Software Developers,NY,Rochester,77000.0,82500.0,88000.0
BANK OF AMERICA N A,BANK OF AMERICA N.A.,2,1,FY2026Q1,no,15-1252,Software Developers,NC,CHARLOTTE; Charlotte,95000.0,102500.0,110000.0
BARCLAYS SERVICES,Barclays Services Corp.,2,1,FY2026Q1,no,15-1252,Software Developers,NJ; NY,New York; Whippany,106319.0,118160.0,130000.0
BEST BUY CO,"BEST BUY CO., INC.",2,1,FY2026Q1,no,15-1252,Software Developers,MN,Richfield,134936.0,138771.0,142606.0
BITSOLUTIONSUS,BITSolutionsus LLC,2,1,FY2026Q1,no,15-1252,Software Developers,TX,Dallas,90896.0,90896.0,90896.0
BLUE SPACE TECHNOLOGIES,"Blue Space Technologies, INC",2,1,FY2026Q1,no,15-1252,Software Developers,TX,Houston,84500.0,84500.0,84500.0
BMR INFOTEK,"BMR INFOTEK, INC",2,1,FY2026Q1,no,15-1252,Software Developers,IL; WA,BELLEVUE; BLOOMINGTON,90293.0,104146.0,118000.0
BOTO3,Boto3 Inc.,2,1,FY2026Q1,no,15-1252,Software Developers,VA,McLean,101920.0,101920.0,101920.0
BRANTA GROUP,BRANTA GROUP INC,2,1,FY2026Q1,no,15-1252,Software Developers,CA,PLEASANTON,135699.0,135699.0,135699.0
BROAD PEAK SYSTEMS,Broad Peak Systems Inc,2,1,FY2026Q1,no,15-1252,Software Developers,NJ; PA,Glassboro; King of Prussia,88100.0,89050.0,90000.0
BYTE LINK SYSTEMS,BYTE LINK SYSTEMS INC,2,1,FY2026Q1,no,15-1252,Software Developers,TX,HOUSTON; PLANO,84500.0,92250.0,100000.0
CALIBER IT SOLUTIONS,Caliber IT Solutions Inc,2,1,FY2026Q1,no,15-1252,Software Developers,SC,Rock Hill,91291.0,91291.0,91291.0
CAMELOT INTEGRATED SOLUTIONS,Camelot Integrated Solutions Inc,2,1,FY2026Q1,no,15-1252,Software Developers,TX; WA,Westlake; Woodinville,90896.0,104322.0,117749.0
CAMICO MUTUAL INSURANCE COMPANY,CAMICO Mutual Insurance Company,2,1,FY2026Q1,no,15-1252,Software Developers,CA,Antioch,150000.0,152700.0,155400.0
CARNEGIE SOFTWARE CORPORATION,Carnegie Software Corporation,2,1,FY2026Q1,no,15-1252,Software Developers,NY; TX,Albany; Irving,86000.0,88500.0,91000.0
CELORIS TECH,CELORIS TECH LLC,2,1,FY2026Q1,no,15-1252,Software Developers,NC; VA,CHARLOTTE; HENRICO,83637.0,87464.0,91291.0
CLOUDRAN COMMUNICATION,"CloudRan Communication, LLC.",2,1,FY2026Q1,no,15-1252,Software Developers,CO; PA,Denver; Lansdale,103210.0,105384.0,107557.0
CLOUDVIK,CloudVik LLC,2,1,FY2026Q1,no,15-1252,Software Developers,TX; UT,Fort Worth; Salt Lake City,80538.0,85717.0,90896.0
CLOUDZENIX,CloudZenix LLC,2,1,FY2026Q1,no,15-1252,Software Developers,TX,Irving,90896.0,90896.0,90896.0
COGNIFYAR TECHNOLOGIES,Cognifyar Technologies,2,1,FY2026Q1,no,15-1252,Software Developers,MD,Bethesda,101421.0,101421.0,101421.0
COGNYSYNC TECHNOLOGIES,COGNYSYNC TECHNOLOGIES LLC,2,1,FY2026Q1,no,15-1252,Software Developers,TX; WA,Plano; Spokane,87360.0,89130.0,90900.0
COMPETENT SYSTEMS,Competent Systems Inc,2,1,FY2026Q1,no,15-1252,Software Developers,CA; PA,Oaks; WESTLAKE VILLAGE,95000.0,96500.0,98000.0
CONCEPT SOFTWARE SERVICES,Concept Software & Services Inc,2,1,FY2026Q1,no,15-1252,Software Developers,CA,Universal City,102232.0,103116.0,104000.0
CONVEXTECH,"ConvexTech, Inc.",2,1,FY2026Q1,no,15-1252,Software Developers,TX,Pearland,85000.0,88442500.0,176800000.0
COTIVITI,"Cotiviti, Inc.",2,1,FY2026Q1,no,15-1252,Software Developers,NC; WA,Bellevue; Charlotte,98000.0,107974.0,117948.0
COULOIR TECHNOLOGY GROUP,"Couloir Technology Group, Inc",2,1,FY2026Q1,no,15-1252,Software Developers,WA,Redmond,117749.0,117749.0,117749.0
CVS SHARED SERVICES RESOURCES,CVS Shared Services Resources LLC,2,1,FY2026Q1,no,15-1252,Software Developers,CT; NY,Hartford; New York,105000.0,117500.0,130000.0
CYBERSOURCE CORPORATION,CyberSource Corporation,2,1,FY2026Q1,no,15-1252,Software Developers,CA; WA,Bellevue; Foster City,117749.0,126724.0,135699.0
DELOITTE SERVICES LP,Deloitte Services LP,2,1,FY2026Q1,no,15-1252,Software Developers,TX,Dallas; Mckinney,90896.0,94548.0,98200.0
DEVI TECHS,"Devi Techs, Inc.",2,1,FY2026Q1,no,15-1252,Software Developers,TX,Irving,90896.0,90896.0,90896.0
DEVOIR SOFTWARE SOLUTIONS,DEVOIR SOFTWARE SOLUTIONS LLC,2,1,FY2026Q1,no,15-1252,Software Developers,AR; IL,BENTONVILLE; PEORIA,70000.0,72700.0,75400.0
DOTCOM TEAM,DOTCOM TEAM LLC,2,1,FY2026Q1,no,15-1252,Software Developers,MA,MELROSE,120000.0,120000.0,120000.0
DRISCOLL S,"Driscoll's, Inc.",2,1,FY2026Q1,no,15-1252,Software Developers,CA,Milipitas; Watsonville,160669.0,160669.0,160669.0
EBS MINDS IT,eBS-Minds IT Inc,2,1,FY2026Q1,no,15-1252,Software Developers,TX,Pilot Point,90896.0,90896.0,90896.0
ECLAT SOLUTIONS,Eclat Solutions LLC,2,1,FY2026Q1,no,15-1252,Software Developers,AZ; VA,Chandler; Glen Allen,85000.0,86326.0,87651.0
EMINENCE TECHNOLOGY SOLUTIONS,Eminence Technology Solutions Inc,2,1,FY2026Q1,no,15-1252,Software Developers,TX,Irving,90896.0,90896.0,90896.0
ENCLOUD SERVICES,eNcloud Services LLC,2,1,FY2026Q1,no,15-1252,Software Developers,TX,Katy,84094.0,84094.0,84094.0
ENDEAVOUR TECHNOLOGIES,ENDEAVOUR TECHNOLOGIES INC,2,1,FY2026Q1,no,15-1252,Software Developers,TX; VA,Carrollton; Tysons,90900.0,96175.0,101450.0
EPACE TECHNOLOGIES,EPACE TECHNOLOGIES INC,2,1,FY2026Q1,no,15-1252,Software Developers,TX,Irving,90896.0,90896.0,90896.0
ERNST YOUNG U S LLP,Ernst & Young U.S. LLP,2,1,FY2026Q1,no,15-1252,Software Developers,NY,New York,110000.0,110000.0,110000.0
ERPLABS,ERPLabs Inc,2,1,FY2026Q1,no,15-1252,Software Developers,AZ,Scottsdale,87651.0,87651.0,87651.0
ETEKSERVE,Etekserve Inc,2,1,FY2026Q1,no,15-1252,Software Developers,DE; VA,Herndon; NEWARK,88088.0,94754.0,101421.0
EXPERIAN INFORMATION SOLUTIONS,"Experian Information Solutions, Inc.",2,1,FY2026Q1,no,15-1252,Software Developers,CA; IL,Lombard; San Jose,101005.0,129288.0,157571.0
FIRST CLOUD,First Cloud Inc,2,1,FY2026Q1,no,15-1252,Software Developers,TX,Irving,90896.0,90896.0,90896.0
FORD MOTOR COMPANY,FORD MOTOR COMPANY,2,1,FY2026Q1,no,15-1252,Software Developers,MI,Dearborn,84053.0,84053.0,84053.0
FOURHUB TECHNOLOGIES,Fourhub Technologies Inc,2,1,FY2026Q1,no,15-1252,Software Developers,NH; NJ,Concord; Weehawken,106000.0,116985.0,127970.0
FPT USA CORPORATION,FPT USA Corporation,2,1,FY2026Q1,no,15-1252,Software Developers,NC,Liberty,91000.0,93020.0,95041.0
FURTHERAI,FurtherAI Inc.,2,1,FY2026Q1,no,15-1252,Software Developers,CA,San Francisco,136000.0,136500.0,137000.0
GALAXY IT,Galaxy IT LLC,2,1,FY2026Q1,no,15-1252,Software Developers,TX,Irving; Plano,90896.0,90896.0,90896.0
GANAIT,GanaIT Inc,2,1,FY2026Q1,no,15-1252,Software Developers,DE; NC,Charlotte; Wilmington,88088.0,89690.0,91291.0
GOCOOL,GOCOOL INC.,2,1,FY2026Q1,no,15-1252,Software Developers,WA,Puyallup,117749.0,117749.0,117749.0
GOVERNMENT EMPLOYEE INSURANCE COMPANY GEICO,Government Employee Insurance Company (GEICO),2,1,FY2026Q1,no,15-1252,Software Developers,WA,Redmond; Seattle,120000.0,125000.0,130000.0
GOVERNMENT SYSTEMS TECHNOLOGIES,Government Systems Technologies Inc,2,1,FY2026Q1,no,15-1252,Software Developers,CA; NY,El Segundo; New York,103000.0,104000.0,105000.0
HIGHBROW TECHNOLOGY,"Highbrow Technology, Inc",2,1,FY2026Q1,no,15-1252,Software Developers,NC,Cary,91707.0,91707.0,91707.0
HM HEALTH SOLUTIONS,"HM Health Solutions, Inc.",2,1,FY2026Q1,no,15-1252,Software Developers,NC; PA,Mechanicsburg; Raleigh,77106.0,86657.0,96208.0
HOLLERITH IT SOLUTIONS,HOLLERITH IT SOLUTIONS LLC,2,1,FY2026Q1,no,15-1252,Software Developers,TX,Houston,84094.0,84094.0,84094.0
HTC GLOBAL SERVICES,HTC GLOBAL SERVICES INC.,2,1,FY2026Q1,no,15-1252,Software Developers,TN,Franklin,84531.0,84531.0,84531.0
HYR GLOBAL SOURCE,HYR GLOBAL SOURCE INC,2,1,FY2026Q1,no,15-1252,Software Developers,CA; TX,Plano; Sunnyvale,104000.0,127000.0,150000.0
ILOGIXEDGE,"ILOGIXEDGE, LLC.",2,1,FY2026Q1,no,15-1252,Software Developers,MD,Rockville,101500.0,101500.0,101500.0
IMMENSE BRAINS,Immense Brains,2,1,FY2026Q1,no,15-1252,Software Developers,NH,Pelham,102419.0,102419.0,102419.0
INDOTRONIX INTERNATIONAL CORPORATION,INDOTRONIX INTERNATIONAL CORPORATION,2,1,FY2026Q1,no,15-1252,Software Developers,CA; TX,Cupertino; Houston,84240.0,120120.0,156000.0
INFOLANCE,"Infolance, Inc.",2,1,FY2026Q1,no,15-1252,Software Developers,TX,Addison; Austin,91500.0,92750.0,94000.0
INFOSHARE SYSTEMS,"INFOSHARE SYSTEMS, INC.",2,1,FY2026Q1,no,15-1252,Software Developers,CA; NC,Charlotte; Mountain View,91291.0,120328.0,149365.0
INFOVISION,"Infovision, Inc.",2,1,FY2026Q1,no,15-1252,Software Developers,NJ; TX,Basking Ridge; Richardson,102000.0,113500.0,125000.0
INNOVATE SOFT,INNOVATE SOFT LLC,2,1,FY2026Q1,no,15-1252,Software Developers,TX,Irving,90896.0,90896.0,90896.0
INTERNATIONAL SYSTEMS TECHNOLOGIES,International Systems Technologies Inc.,2,1,FY2026Q1,no,15-1252,Software Developers,NJ; TX,Austin; Cranbury,90355.0,96782.0,103210.0
INTERSOFT SYSTEMS,InterSoft systems Inc,2,1,FY2026Q1,no,15-1252,Software Developers,TX,Argyle; Houston,84094.0,87495.0,90896.0
IT PEOPLE CORPORATION,iT People Corporation,2,1,FY2026Q1,no,15-1252,Software Developers,NC,Morrisville,102500.0,102500.0,102500.0
IT RYSOURCES,IT RYSOURCES INC,2,1,FY2026Q1,no,15-1252,Software Developers,MO; NC,Charlotte; O Fallon,76045.0,83668.0,91291.0
JKV INTERNATIONAL,JKV International LLC,2,1,FY2026Q1,no,15-1252,Software Developers,GA,Atlanta,91520.0,96720.0,101920.0
KP IT SOLUTIONS,KP IT Solutions LLC,2,1,FY2026Q1,no,15-1252,Software Developers,OR; TX,Eugene; Georgetown,91000.0,91500.0,92000.0
LINVEST21,"Linvest21, Inc.",2,1,FY2026Q1,no,15-1252,Software Developers,NY,Binghamton,95999.0,96000.0,96000.0
LORVIN TECHNOLOGIES,Lorvin Technologies Inc,2,1,FY2026Q1,no,15-1252,Software Developers,PA,Philadelphia,88088.0,88088.0,88088.0
LUMINOVA INFOTECH,Luminova Infotech LLC,2,1,FY2026Q1,no,15-1252,Software Developers,TX,Aubrey,90896.0,90896.0,90896.0
LUSSOTECH,LussoTech LLC,2,1,FY2026Q1,no,15-1252,Software Developers,IA; IL,Chicago; West Des Moines,92500.0,114100.0,135699.0
LUZON TECHNOLOGIES,"LUZON TECHNOLOGIES, INC.",2,1,FY2026Q1,no,15-1252,Software Developers,KY; PA,CARLISLE; LOUISVILLE,76814.0,76960.0,77106.0
MASTRO SERVICES,Mastro Services Inc,2,1,FY2026Q1,no,15-1252,Software Developers,TX,Plano,90896.0,90896.0,90896.0
MATRIX TECH SOLUTIONS,Matrix Tech Solutions Inc,2,1,FY2026Q1,no,15-1252,Software Developers,TX,Houston,84094.0,84094.0,84094.0
MEDHAZ,Medhaz Corp,2,1,FY2026Q1,no,15-1252,Software Developers,TX,Coppell; Irving,90896.0,90896.0,90896.0
MERITORE TECHNOLOGIES,Meritore Technologies LLC,2,1,FY2026Q1,no,15-1252,Software Developers,VA,Ashburn,101421.0,101421.0,101421.0
METAFORGE IT SOLUTIONS,Metaforge IT Solutions,2,1,FY2026Q1,no,15-1252,Software Developers,TX,Austin,90355.0,90355.0,90355.0
METAVERSE TECHNOLOGY GROUP,METAVERSE TECHNOLOGY GROUP LLC,2,1,FY2026Q1,no,15-1252,Software Developers,CA; IL,CHICAGO; MENLO PARK,85467.0,110583.0,135699.0
MONTEFIORE MEDICAL CENTER,Montefiore Medical Center,2,1,FY2026Q1,no,15-1252,Software Developers,NY,Yonkers,108000.0,108075.0,108150.0
MR TECHNOSOFT,"MR Technosoft, Inc.",2,1,FY2026Q1,no,15-1252,Software Developers,MO,Town and Country,80000.0,80000.0,80000.0
MROADS,MROADS LLC,2,1,FY2026Q1,no,15-1252,Software Developers,OH; TN,Cleveland; Memphis,72883.0,95316.0,117749.0
MYSAPGROUP,MYSAPGROUP INC,2,1,FY2026Q1,no,15-1252,Software Developers,NC; TX,Charlotte; Irving,90896.0,91094.0,91291.0
NATIONAL CHARITABLE SERVICES LLC D B A FIDELITY INVESTMENTS,National Charitable Services LLC d/b/a Fidelity Investments,2,1,FY2026Q1,no,15-1252,Software Developers,TX,Westlake,90896.0,90896.0,90896.0
NAVOINFO,NavoInfo Inc.,2,1,FY2026Q1,no,15-1252,Software Developers,TX,Richardson,96000.0,669000.0,1242000.0
NCLUSION,"Nclusion, Inc.",2,1,FY2026Q1,no,15-1252,Software Developers,CA,East Palo Alto,150000.0,152500.0,155000.0
NEO PRISM SOLUTIONS,NEO PRISM SOLUTIONS LLC,2,1,FY2026Q1,no,15-1252,Software Developers,GA,Atlanta,87859.0,87880.0,87900.0
NEOTEKSOFT,Neoteksoft Inc.,2,1,FY2026Q1,no,15-1252,Software Developers,GA; TX,McKinney; Woodstock,87859.0,89378.0,90896.0
NEXTERAPATH,"Nexterapath, Inc.",2,1,FY2026Q1,no,15-1252,Software Developers,TX,Irving,90896.0,90896.0,90896.0
NINO FINANCE,"Nino Finance, Inc.",2,1,FY2026Q1,no,15-1252,Software Developers,CA; DE,Claymont; San Francisco,146000.0,153250.0,160500.0
NISUM TECHNOLOGIES,Nisum Technologies Inc.,2,1,FY2026Q1,no,15-1252,Software Developers,CA,Dublin; Pleasanton,150884.0,151922.0,152961.0
NOKIA OF AMERICA CORPORATION,Nokia of America Corporation,2,1,FY2026Q1,no,15-1252,Software Developers,CA; NJ,Murray Hill; San Jose,117255.0,148608.0,179961.0
NORDSTROM,"Nordstrom, Inc.",2,1,FY2026Q1,no,15-1252,Software Developers,WA,Seattle,134550.0,142275.0,150000.0
NVIDIA CORPORATION,NVIDIA Corporation,2,1,FY2026Q1,no,15-1252,Software Developers,CA,Santa Clara,149365.0,149365.0,149365.0
OMNICRON TECHNOLOGIES,Omnicron Technologies LLC,2,1,FY2026Q1,no,15-1252,Software Developers,TX,Houston; Mckinney,84095.0,87496.0,90896.0
OPTIVER SERVICES US,Optiver Services US LLC,2,1,FY2026Q1,no,15-1252,Software Developers,NY; TX,Austin; New York,150000.0,175000.0,200000.0
P K CLOUD,"P. K. CLOUD, LLC",2,1,FY2026Q1,no,15-1252,Software Developers,TX,SUGAR LAND,84094.0,84094.0,84094.0
P2P SOFTTEK,P2P SOFTTEK LLC,2,1,FY2026Q1,no,15-1252,Software Developers,CA,MOUNTAIN VIEW,149365.0,149365.0,149365.0
PANDANAI,"PandanAI, Inc.",2,1,FY2026Q1,no,15-1252,Software Developers,CA,San Francisco,135699.0,135699.0,135699.0
PARAM TECHNOLOGIES,PARAM TECHNOLOGIES INC,2,1,FY2026Q1,no,15-1252,Software Developers,AZ,PHOENIX,88000.0,89000.0,90000.0
PIONEER CONSULTING,PIONEER CONSULTING LLC,2,1,FY2026Q1,no,15-1252,Software Developers,IA; VA,Reston; West Des Moines,81994.0,91708.0,101421.0
PRAISE CONSULTING,Praise Consulting LLC,2,1,FY2026Q1,no,15-1252,Software Developers,TX,Houston,84094.0,84094.0,84094.0
PROBPM,ProBPM Inc,2,1,FY2026Q1,no,15-1252,Software Developers,TX; WA,AUBREY; Bothell,90896.0,111448.0,132000.0
PRODIGY TECHNOLOGIES,Prodigy Technologies Inc,2,1,FY2026Q1,no,15-1252,Software Developers,TX,Frisco,90896.0,90896.0,90896.0
QUEST GLOBAL SERVICES N A,"QUEST GLOBAL SERVICES- N.A., INC.",2,1,FY2026Q1,no,15-1252,Software Developers,WI,Waukesha,79040.0,81870.0,84700.0
QXO,"QXO, Inc.",2,1,FY2026Q1,no,15-1252,Software Developers,WA,Seattle,210000.0,215000.0,220000.0
RE IT SERVICES,RE IT SERVICES INC,2,1,FY2026Q1,no,15-1252,Software Developers,NC,CHARLOTTE,91291.0,91291.0,91291.0
REDSHIFT TECHNOLOGIES,RedShift Technologies LLC,2,1,FY2026Q1,no,15-1252,Software Developers,TX,Irving,90896.0,90896.0,90896.0
RELEVANTZ TECHNOLOGY SERVICES,"Relevantz Technology Services, Inc.",2,1,FY2026Q1,no,15-1252,Software Developers,FL; GA,Alpharetta; Lake Mary,100000.0,101500.0,103000.0
REVOINT,Revoint LLC,2,1,FY2026Q1,no,15-1252,Software Developers,OH; TX,East Liberty; Plano,87000.0,88948.0,90896.0
RISHIK VS TECHNOLOGIES,RISHIK VS TECHNOLOGIES INC,2,1,FY2026Q1,no,15-1252,Software Developers,NJ; NY,New York; Raritan,103210.0,103210.0,103210.0
RIVIAN AND VOLKSWAGEN GROUP TECHNOLOGIES,"Rivian and Volkswagen Group Technologies, LLC",2,1,FY2026Q1,no,15-1252,Software Developers,CA,Palo Alto,160000.0,162500.0,165000.0
RIVIAN AUTOMOTIVE,"RIVIAN AUTOMOTIVE, LLC",2,1,FY2026Q1,no,15-1252,Software Developers,CA,Irvine,120567.0,120567.0,120567.0
RLT TECHNOLOGIES,"RLT Technologies, Inc",2,1,FY2026Q1,no,15-1252,Software Developers,VA,Reston,102000.0,102000.0,102000.0
SAILPAN SOLUTIONS,Sailpan Solutions Inc.,2,1,FY2026Q1,no,15-1252,Software Developers,TX,Celina,90896.0,90896.0,90896.0
SANAV TECHNOLOGIES,SANAV TECHNOLOGIES LLC,2,1,FY2026Q1,no,15-1252,Software Developers,TX,DENTON; HOUSTON,84094.0,87495.0,90896.0
SAVI TECHNOLOGIES,"Savi Technologies, Inc.",2,1,FY2026Q1,no,15-1252,Software Developers,TX,Dallas; Leander,90896.0,96564.0,102232.0
SCS TECH SERVICES,SCS TECH SERVICES LLC,2,1,FY2026Q1,no,15-1252,Software Developers,PA,Malvern,90000.0,90000.0,90000.0
SDVS TECHNOLOGIES,SDVS Technologies LLC,2,1,FY2026Q1,no,15-1252,Software Developers,TX,Flower Mound,90896.0,90896.0,90896.0
SHOOLIN,"SHOOLIN, INC.",2,1,FY2026Q1,no,15-1252,Software Developers,PA; WA,Bellevue; GILBERTSVILLE,88192.0,102970.0,117749.0
SINGULAR ANALYSTS,Singular Analysts Inc,2,1,FY2026Q1,no,15-1252,Software Developers,NJ; TX,Oak point; Whippany,90896.0,97053.0,103210.0
SKILLTUNE TECHNOLOGIES,SKILLTUNE TECHNOLOGIES INC,2,1,FY2026Q1,no,15-1252,Software Developers,NJ; TX,Dallas; Mt Laurel Township,88090.0,89495.0,90900.0
SKYGYS,"Skygys, Inc.",2,1,FY2026Q1,no,15-1252,Software Developers,AZ,Phoenix,91000.0,92000.0,93000.0
SKYSOFT,"Skysoft, Inc.",2,1,FY2026Q1,no,15-1252,Software Developers,MD; NC,Charlotte; Rockville,102000.0,111000.0,120000.0
SLESHA,Slesha Inc,2,1,FY2026Q1,no,15-1252,Software Developers,TX; VA,PLANO; RICHMOND,83637.0,87266.0,90896.0
SLN SOLUTIONS,SLN solutions LLC,2,1,FY2026Q1,no,15-1252,Software Developers,GA; NC,Alpharetta; Charlotte,87859.0,89575.0,91291.0
SMART INFO SOLUTIONS,SMART INFO SOLUTIONS LLC,2,1,FY2026Q1,no,15-1252,Software Developers,NC; TX,CHARLOTTE; PLANO,90896.0,98748.0,106600.0
SMARTDW,SmartDW Inc,2,1,FY2026Q1,no,15-1252,Software Developers,TN; TX,Clarksville; Garland,67891.0,79394.0,90896.0
SMARTEQ SOLUTIONS,Smarteq Solutions LLC,2,1,FY2026Q1,no,15-1252,Software Developers,AZ; TX,Glendale; Irving,95000.0,95116.0,95232.0
SOFTPATH SYSTEM,SOFTPATH SYSTEM LLC,2,1,FY2026Q1,no,15-1252,Software Developers,NJ,ISELIN; Iselin,103210.0,103210.0,103210.0
SOLUM AMERICA,"Solum America, Inc.",2,1,FY2026Q1,no,15-1252,Software Developers,AR,Bentonville,89253.0,580144.0,1071036.0
STRATUS MERIDIAN,STRATUS MERIDIAN LLC,2,1,FY2026Q1,no,15-1252,Software Developers,TX,Plano,100000.0,100000.0,100000.0
SUNSOFT SERVICES,SUNSOFT SERVICES INC,2,1,FY2026Q1,no,15-1252,Software Developers,AR; FL,Bentonville; Miami,70000.0,77000.0,84000.0
SURE TECH SERVICES,"SURE TECH SERVICES, INC.",2,1,FY2026Q1,no,15-1252,Software Developers,NY; PA,BROOKLYN; ERIE,70720.0,87360.0,104000.0
SWANSU,"Swansu, Inc.",2,1,FY2026Q1,no,15-1252,Software Developers,TX,Plano,90896.0,90896.0,90896.0
SYMPLORE,Symplore Inc,2,1,FY2026Q1,no,15-1252,Software Developers,MI; TX,Plano; Wixom,84053.0,87474.0,90896.0
SYNAPSE TECH SERVICES,Synapse Tech Services Inc.,2,1,FY2026Q1,no,15-1252,Software Developers,MI; TX,Auburn Hills; Liberty Hill,84053.0,87204.0,90355.0
T MOBILE USA,"T-Mobile USA, Inc.",2,1,FY2026Q1,no,15-1252,Software Developers,TX; VA,Frisco; Herndon,125700.0,130350.0,135000.0
TAO DIGITAL SOLUTIONS,"TAO DIGITAL SOLUTIONS, INC",2,1,FY2026Q1,no,15-1252,Software Developers,TX,IRVING; Irving,90896.0,90896.0,90896.0
TAPROOT SOLUTIONS,TAPROOT SOLUTIONS INC,2,1,FY2026Q1,no,15-1252,Software Developers,CA,Carlsbad,102800.0,668200.0,1233600.0
TARDUS,Tardus Inc,2,1,FY2026Q1,no,15-1252,Software Developers,TX,Irving,90896.0,90896.0,90896.0
TECHCOGNIZE,TechCognize Inc.,2,1,FY2026Q1,no,15-1252,Software Developers,TX,Plano,90896.0,90896.0,90896.0
TECHGROUP AMERICA,TECHGROUP AMERICA INC.,2,1,FY2026Q1,no,15-1252,Software Developers,NY,New York,103210.0,103210.0,103210.0
TECHNOLOGY SQUARE,TECHNOLOGY SQUARE INC.,2,1,FY2026Q1,no,15-1252,Software Developers,TX,Little ELM; PLANO,91000.0,591500.0,1092000.0
TECHVIRTUE,TechVirtue LLC,2,1,FY2026Q1,no,15-1252,Software Developers,IL; TX,Irving; Lisle,90896.0,91905.0,92914.0
TECKFORTUNE,TeckFortune Inc,2,1,FY2026Q1,no,15-1252,Software Developers,PA; TX,Malvern; Plano,88088.0,89492.0,90896.0
TECZONE,Teczone LLC,2,1,FY2026Q1,no,15-1252,Software Developers,GA; TX,Atlanta; Plano,87859.0,89378.0,90896.0
TEJASE TECHNOLOGIES,"TEJASE TECHNOLOGIES, INC",2,1,FY2026Q1,no,15-1252,Software Developers,KY; WA,Bellevue; Louisville,76814.0,97282.0,117749.0
TEKLANE SOLUTIONS,TekLane Solutions Inc,2,1,FY2026Q1,no,15-1252,Software Developers,TX,Irving,90896.0,90896.0,90896.0
TEKRIDERS,TEKRIDERS INC.,2,1,FY2026Q1,no,15-1252,Software Developers,TX,LIBERTY HILL; PLANO,90355.0,90626.0,90896.0
TERBIUM TECHNOLOGIES,Terbium Technologies INC,2,1,FY2026Q1,no,15-1252,Software Developers,TX,Hutto,90355.0,90355.0,90355.0
THERMO FISHER SCIENTIFIC,"Thermo Fisher Scientific, Inc.",2,1,FY2026Q1,no,15-1252,Software Developers,CA; TX,Pflugerville; San Jose,90355.0,119860.0,149365.0
TIKTOK,TikTok Inc.,2,1,FY2026Q1,no,15-1252,Software Developers,CA,San Jose,160000.0,163660.0,167320.0
TIKTOK USDS JOINT VENTURE,TikTok USDS Joint Venture LLC,2,1,FY2026Q1,no,15-1252,Software Developers,CA,San Jose,165000.0,176000.0,187000.0
TINDER,Tinder LLC,2,1,FY2026Q1,no,15-1252,Software Developers,CA,Palo Alto,149365.0,163486.0,177606.0
TOTAL SYSTEM SERVICES,Total System Services LLC,2,1,FY2026Q1,no,15-1252,Software Developers,GA,Alpharetta,87859.0,87859.0,87859.0
UNICORN TECHNOLOGIES,"UNICORN TECHNOLOGIES,LLC",2,1,FY2026Q1,no,15-1252,Software Developers,MA; NC,Boston; Durham,109000.0,111300.0,113600.0
UNIQUELOGICSOLUTIONS,UNIQUELOGICSOLUTIONS INC.,2,1,FY2026Q1,no,15-1252,Software Developers,AZ; NJ,Jersey City; Phoenix,87651.0,95430.0,103210.0
UNIVERSITY OF MARYLAND GLOBAL CAMPUS,University of Maryland Global Campus,2,1,FY2026Q1,no,15-1252,Software Developers,MD,Adelphi,112900.0,112900.0,112900.0
VALIANTYS AMERICA,Valiantys America Inc,2,1,FY2026Q1,no,15-1252,Software Developers,NJ,Marlton,99389.0,99389.0,99389.0
VALUELABS,"ValueLabs, Inc.",2,1,FY2026Q1,no,15-1252,Software Developers,IL; NJ,Chicago; Newark,106742.0,110137.0,113532.0
VEJARS TECHNOLOGIES,Vejars Technologies Inc,2,1,FY2026Q1,no,15-1252,Software Developers,TX,Coppell,90896.0,90896.0,90896.0
VERITAS PRIME,Veritas Prime LLC,2,1,FY2026Q1,no,15-1252,Software Developers,ME,Yarmouth,85738.0,85738.0,85738.0
VIRTUAL SYSTEMS SOLUTIONS,"Virtual Systems Solutions, Inc.",2,1,FY2026Q1,no,15-1252,Software Developers,MI,Farmington Hills,84053.0,84053.0,84053.0
VSTRS LLC DBA TEKGLOBAL,VSTRS LLC DBA TekGlobal,2,1,FY2026Q1,no,15-1252,Software Developers,VA,Reston,101421.0,101421.0,101421.0
VUEGEN TECHNOLOGIES,Vuegen Technologies Inc,2,1,FY2026Q1,no,15-1252,Software Developers,IL,Hoffman Estates,85467.0,85467.0,85467.0
WALBRYDGE TECHNOLOGIES,Walbrydge Technologies Inc,2,1,FY2026Q1,no,15-1252,Software Developers,NY,New York,103212.0,103230.0,103248.0
WARNERMEDIA SERVICES,"WarnerMedia Services, LLC",2,1,FY2026Q1,no,15-1252,Software Developers,GA; WA,Atlanta; Bellevue,132095.0,138588.0,145082.0
WINLEN TECHNOLOGIES,"Winlen Technologies, Inc.",2,1,FY2026Q1,no,15-1252,Software Developers,FL; TX,Little Elm; Tampa,100000.0,105000.0,110000.0
YASHCO SYSTEMS,"Yashco Systems, Inc.",2,1,FY2026Q1,no,15-1252,Software Developers,WA,Bothell,124800.0,124800.0,124800.0
YOCHANA IT SOLUTIONS,Yochana IT Solutions Inc,2,1,FY2026Q1,no,15-1252,Software Developers,MI,Farmington Hills,84053.0,84053.0,84053.0
Z3 TECHNOLOGIES,Z3 TECHNOLOGIES INC,2,1,FY2026Q1,no,15-1252,Software Developers,CA,Lathrop,90438.0,90438.0,90438.0
ZAPCOM GROUP,"ZAPCOM GROUP, INC.",2,1,FY2026Q1,no,15-1252,Software Developers,GA; TX,ALPHARETTA; IRVING,87859.0,95430.0,103000.0
4 SERV SOLUTIONS,4-Serv Solutions Inc.,1,1,FY2026Q1,no,15-1252,Software Developers,MI,Farmington Hills,84053.0,84053.0,84053.0
4D TECHNOLOGIES,4D TECHNOLOGIES LLC,1,1,FY2026Q1,no,15-1252,Software Developers,IL,CHICAGO,85467.0,85467.0,85467.0
4WALL AI,4Wall AI Inc.,1,1,FY2026Q1,no,15-1252,Software Developers,CA,San Francisco,135699.0,135699.0,135699.0
6G TECHNOLOGIES,6G TECHNOLOGIES LLC,1,1,FY2026Q1,no,15-1252,Software Developers,IL,CHICAGO,85467.0,85467.0,85467.0
A2RSYSTEMS,A2RSYSTEMS INC,1,1,FY2026Q1,no,15-1252,Software Developers,IL,BUFFALO GROVE,85467.0,85467.0,85467.0
AADHYA INFOTECH,Aadhya Infotech LLC,1,1,FY2026Q1,no,15-1252,Software Developers,NJ,Somerset,103210.0,103210.0,103210.0
ABBOTT LABORATORIES,ABBOTT LABORATORIES,1,1,FY2026Q1,no,15-1252,Software Developers,IL,Abbott Park,90000.0,90000.0,90000.0
ABOTTS CONSULTING,"ABOTTS Consulting, Inc.",1,1,FY2026Q1,no,15-1252,Software Developers,DE,Wilmington,110000.0,110000.0,110000.0
ACCELERIZE 360,"ACCELERIZE 360, INC.",1,1,FY2026Q1,no,15-1252,Software Developers,MN,Minneapolis,87360.0,87360.0,87360.0
ACCELYST,"ACCELYST, LLC",1,1,FY2026Q1,no,15-1252,Software Developers,GA,ALPHARETTA,87859.0,87859.0,87859.0
ACI INFOTECH,ACI INFOTECH INC,1,1,FY2026Q1,no,15-1252,Software Developers,VA,Sterling,111000.0,111000.0,111000.0
ACNOVATE CORPORATION,Acnovate Corporation,1,1,FY2026Q1,no,15-1252,Software Developers,NJ,West New York,105000.0,105000.0,105000.0
ACTUALIZATION AI,"Actualization AI, Inc",1,1,FY2026Q1,no,15-1252,Software Developers,TX,Arlington,90896.0,90896.0,90896.0
ADOBE,Adobe Inc.,1,1,FY2026Q1,no,15-1252,Software Developers,CA,San Jose,184630.0,184630.0,184630.0
ADROIT INNOVATIVE SOLUTIONS,ADROIT INNOVATIVE SOLUTIONS INC.,1,1,FY2026Q1,no,15-1252,Software Developers,TX,FRISCO,90900.0,90900.0,90900.0
ADROIX,Adroix Corp,1,1,FY2026Q1,no,15-1252,Software Developers,CA,Fremont,135699.0,135699.0,135699.0
ADVANCED GROWING RESOURCES,Advanced Growing Resources Inc.,1,1,FY2026Q1,no,15-1252,Software Developers,NY,Rochester,90000.0,90000.0,90000.0
ADVANITY TECHNOLOGIES,Advanity Technologies LLC,1,1,FY2026Q1,no,15-1252,Software Developers,TX,Dallas,90896.0,90896.0,90896.0
ADVENT GLOBAL SOLUTIONS,"Advent Global Solutions, Inc.",1,1,FY2026Q1,no,15-1252,Software Developers,TX,HOUSTON,103800.0,103800.0,103800.0
ADVENTIST HEALTHCARE,"Adventist HealthCare, Inc.",1,1,FY2026Q1,no,15-1252,Software Developers,MD,Gaithersburg,101569.0,101569.0,101569.0
ADVITA ORTHO,"Advita Ortho, LLC",1,1,FY2026Q1,no,15-1252,Software Developers,FL,Doral,83658.0,83658.0,83658.0
AETNA RESOURCES,Aetna Resources LLC,1,1,FY2026Q1,no,15-1252,Software Developers,TN,Franklin,92974.0,92974.0,92974.0
AEYE,"AEye, Inc.",1,1,FY2026Q1,no,15-1252,Software Developers,CA,Pleasanton,135699.0,135699.0,135699.0
AGILISIUM CONSULTING,AGILISIUM CONSULTING LLC,1,1,FY2026Q1,no,15-1252,Software Developers,CA,Carlsbad,102794.0,102794.0,102794.0
AI LABS WEB,AI LABS WEB LLC,1,1,FY2026Q1,no,15-1252,Software Developers,CA,San Jose,149365.0,149365.0,149365.0
AIR WORLDWIDE CORPORATION,AIR Worldwide Corporation,1,1,FY2026Q1,no,15-1252,Software Developers,MA,Boston,130000.0,130000.0,130000.0
AKQA,"AKQA, Inc.",1,1,FY2026Q1,no,15-1252,Software Developers,CA,Oakland,136000.0,136000.0,136000.0
ALEDADE,"Aledade, Inc.",1,1,FY2026Q1,no,15-1252,Software Developers,CA,Santa Clara,158918.0,158918.0,158918.0
ALIGN TRADERS,ALIGN TRADERS INC,1,1,FY2026Q1,no,15-1252,Software Developers,CA,Cupertino,149365.0,149365.0,149365.0
ALLY BANK,Ally Bank,1,1,FY2026Q1,no,15-1252,Software Developers,TX,Lewisville,90896.0,90896.0,90896.0
ALMACA,"Almaca, Inc.",1,1,FY2026Q1,no,15-1252,Software Developers,CA,Palo Alto,150000.0,150000.0,150000.0
ALPHA IT SOLUTIONS,Alpha IT Solutions Inc,1,1,FY2026Q1,no,15-1252,Software Developers,TX,McKinney,90896.0,90896.0,90896.0
ALTAFLUX CORPORATION,ALTAFLUX CORPORATION,1,1,FY2026Q1,no,15-1252,Software Developers,TX,AUBREY,91000.0,91000.0,91000.0
AMARTHY IT SOLUTIONS,Amarthy IT Solutions LLC,1,1,FY2026Q1,no,15-1252,Software Developers,TX,Austin,90355.0,90355.0,90355.0
AMERICAN CONSULTING SOLUTIONS,"American Consulting Solutions, Inc.",1,1,FY2026Q1,no,15-1252,Software Developers,FL,Lake Worth,102108.0,102108.0,102108.0
AMERICAN SOFTWARE RESOURCES,"American Software Resources, Inc.",1,1,FY2026Q1,no,15-1252,Software Developers,CA,Irvine,102232.0,102232.0,102232.0
AMERICAN TECHNOLOGY CONSULTING,AMERICAN TECHNOLOGY CONSULTING LLC,1,1,FY2026Q1,no,15-1252,Software Developers,IL,CHICAGO,85467.0,85467.0,85467.0
AMERITECH GLOBAL,AMERITECH GLOBAL INC.,1,1,FY2026Q1,no,15-1252,Software Developers,IL,NAPERVILLE,85467.0,85467.0,85467.0
AMSIN,Amsin LLC,1,1,FY2026Q1,no,15-1252,Software Developers,IL,Chicago,108160.0,108160.0,108160.0
ANCESTRY COM OPERATIONS,Ancestry.com Operations Inc.,1,1,FY2026Q1,no,15-1252,Software Developers,UT,Lehi,90000.0,90000.0,90000.0
AND IT TECH,AND IT Tech LLC,1,1,FY2026Q1,no,15-1252,Software Developers,NC,Cary,91707.0,91707.0,91707.0
ANNAPURNA LABS U S,Annapurna Labs (U.S.) Inc.,1,1,FY2026Q1,no,15-1252,Software Developers,TX,Austin,129000.0,129000.0,129000.0
ANTRA,"Antra, Inc.",1,1,FY2026Q1,no,15-1252,Software Developers,IA,Johnston,82000.0,82000.0,82000.0
ANU SOFTWARE CONSULTANTS,"Anu Software Consultants, inc.",1,1,FY2026Q1,no,15-1252,Software Developers,CA,Simi Valley,97989.0,97989.0,97989.0
ANYSPHERE,"Anysphere, Inc.",1,1,FY2026Q1,no,15-1252,Software Developers,CA,San Francisco,135699.0,135699.0,135699.0
AORZON TECHNOLOGIES,Aorzon Technologies Inc,1,1,FY2026Q1,no,15-1252,Software Developers,IL,Chicago,85467.0,85467.0,85467.0
APEX ANALYTIX,"APEX Analytix, LLC",1,1,FY2026Q1,no,15-1252,Software Developers,NC,Greensboro,81120.0,81120.0,81120.0
APEXSYNC TECHNOLOGIES,Apexsync Technologies LLC,1,1,FY2026Q1,no,15-1252,Software Developers,TX,Plano,97760.0,97760.0,97760.0
APEXUS TECH,APEXUS TECH LLC,1,1,FY2026Q1,no,15-1252,Software Developers,TX,Austin,90355.0,90355.0,90355.0
APMEX,"APMEX, LLC",1,1,FY2026Q1,no,15-1252,Software Developers,OK,Oklahoma City,73000.0,73000.0,73000.0
AQR CAPITAL MANAGEMENT,"AQR Capital Management, LLC",1,1,FY2026Q1,no,15-1252,Software Developers,TX,Austin,120000.0,120000.0,120000.0
ARDOR IT SOLUTIONS,ARDOR IT SOLUTIONS INC,1,1,FY2026Q1,no,15-1252,Software Developers,NC,CHARLOTTE,91291.0,91291.0,91291.0
ARKANA INFOTECH,ARKANA INFOTECH INC,1,1,FY2026Q1,no,15-1252,Software Developers,WA,Bothell,117749.0,117749.0,117749.0
ARNISYS,"Arnisys, LLC",1,1,FY2026Q1,no,15-1252,Software Developers,TX,Prosper,95000.0,95000.0,95000.0
ARREY SOLUTIONS,Arrey Solutions,1,1,FY2026Q1,no,15-1252,Software Developers,TX,Frisco,93330.0,93330.0,93330.0
ARVATO USA,Arvato USA LLC,1,1,FY2026Q1,no,15-1252,Software Developers,CA,Valencia,102232.0,102232.0,102232.0
ASCII GROUP,"Ascii Group, LLC",1,1,FY2026Q1,no,15-1252,Software Developers,NJ,Nutley,104000.0,104000.0,104000.0
ASTIR TECHNOLOGIES,"ASTIR TECHNOLOGIES, LLC",1,1,FY2026Q1,no,15-1252,Software Developers,NC,Charlotte,91500.0,91500.0,91500.0
ATHENA TECH,"Athena Tech, Inc.",1,1,FY2026Q1,no,15-1252,Software Developers,TX,Austin,91500.0,91500.0,91500.0
ATLASSIAN US,"Atlassian US, Inc",1,1,FY2026Q1,no,15-1252,Software Developers,CA,Santa Clara,150000.0,150000.0,150000.0
ATRIDA TECH,ATRIDA TECH INC,1,1,FY2026Q1,no,15-1252,Software Developers,NC,Cary,93600.0,93600.0,93600.0
AUDIBLE,"AUDIBLE, INC.",1,1,FY2026Q1,no,15-1252,Software Developers,CA,Culver City,118700.0,118700.0,118700.0
AURITE,"Aurite, Inc.",1,1,FY2026Q1,no,15-1252,Software Developers,CA,Palo Alto,150000.0,150000.0,150000.0
AURORA OPERATIONS,"Aurora Operations, Inc.",1,1,FY2026Q1,no,15-1252,Software Developers,CA,Mountain View,180000.0,180000.0,180000.0
AUTO CLUB SERVICES,"Auto Club Services, Inc.",1,1,FY2026Q1,no,15-1252,Software Developers,MI,Dearborn,98955.0,98955.0,98955.0
AVALON INFORMATION TECHNOLOGIES,Avalon Information Technologies LLC,1,1,FY2026Q1,no,15-1252,Software Developers,NJ,Edison,104000.0,104000.0,104000.0
AVIS GLOBAL IT SOLUTIONS,"Avis Global IT Solutions, Inc",1,1,FY2026Q1,no,15-1252,Software Developers,GA,Atlanta,105000.0,105000.0,105000.0
AYITA TECHNOLOGIES,Ayita Technologies LLC,1,1,FY2026Q1,no,15-1252,Software Developers,TN,Nashville,85000.0,85000.0,85000.0
BAHWAN CYBERTEK,Bahwan Cybertek Inc.,1,1,FY2026Q1,no,15-1252,Software Developers,MA,Natick,109178.0,109178.0,109178.0
BAMIA 2,Bamia 2 LLC,1,1,FY2026Q1,no,15-1252,Software Developers,FL,Miami,110000.0,110000.0,110000.0
BARDY DIAGNOSTICS,"Bardy Diagnostics, Inc.",1,1,FY2026Q1,no,15-1252,Software Developers,WA,Bellevue,120000.0,120000.0,120000.0
BEACON HILL SOLUTIONS GROUP,Beacon Hill Solutions Group LLC,1,1,FY2026Q1,no,15-1252,Software Developers,TX,Westlake,91520.0,91520.0,91520.0
BEACONBOLD,Beaconbold Inc.,1,1,FY2026Q1,no,15-1252,Software Developers,TX,Houston,84094.0,84094.0,84094.0
BENED SOFTWARE SERVICES,BENED SOFTWARE SERVICES INC.,1,1,FY2026Q1,no,15-1252,Software Developers,NC,Raleigh,101000.0,101000.0,101000.0
BEST HIGH TECHNOLOGIES,"BEST HIGH TECHNOLOGIES, LLC.",1,1,FY2026Q1,no,15-1252,Software Developers,NJ,PRINCETON,85904.0,85904.0,85904.0
BINARY TECH CONSULTING,Binary Tech Consulting Corp,1,1,FY2026Q1,no,15-1252,Software Developers,TX,Live Oak,86000.0,86000.0,86000.0
BIOINFO SYSTEMS,"Bioinfo Systems, LLC",1,1,FY2026Q1,no,15-1252,Software Developers,NJ,Woodbridge,103272.0,103272.0,103272.0
BIOSALES,Biosales,1,1,FY2026Q1,no,15-1252,Software Developers,MA,Malden,109990.0,109990.0,109990.0
BLIZZARD ENTERTAINMENT,"BLIZZARD ENTERTAINMENT, INC.",1,1,FY2026Q1,no,15-1252,SOFTWARE DEVELOPERS,CA,IRVINE,121888.0,121888.0,121888.0
BOBA LABS,"Boba Labs, Inc.",1,1,FY2026Q1,no,15-1252,Software Developers,WV,Ranson,104000.0,104000.0,104000.0
BOGHOS TECH,BOGHOS TECH LLC,1,1,FY2026Q1,no,15-1252,Software Developers,KY,Louisville,90000.0,90000.0,90000.0
BOSTON CONSULTING GROUP,"Boston Consulting Group, Inc.",1,1,FY2026Q1,no,15-1252,Software Developers,CA,San Francisco,149365.0,149365.0,149365.0
BRAINWAVE TECH SOLUTIONS,Brainwave Tech Solutions Inc,1,1,FY2026Q1,no,15-1252,Software Developers,NY,Plainview,103210.0,103210.0,103210.0
BRANDBOOM,"BRANDBOOM, INC.",1,1,FY2026Q1,no,15-1252,Software Developers,CA,LOS ANGELES,102232.0,102232.0,102232.0
BRILLIUS TECHNOLOGIES,Brillius Technologies Inc,1,1,FY2026Q1,no,15-1252,Software Developers,GA,Alpharetta,100000.0,100000.0,100000.0
BROWN UNIVERSITY,Brown University,1,1,FY2026Q1,no,15-1252,Software Developers,RI,Providence,86778.0,86778.0,86778.0
BUSINESS INTELLI SOLUTIONS,Business Intelli Solutions Inc,1,1,FY2026Q1,no,15-1252,Software Developers,CA,Sunnyvale,149365.0,149365.0,149365.0
BUSPATROL AMERICA,BusPatrol America LLC,1,1,FY2026Q1,no,15-1252,Software Developers,VA,Lorton,120000.0,120000.0,120000.0
BWI CHASSIS DYNAMICS NA,"BWI Chassis Dynamics (NA), Inc.",1,1,FY2026Q1,no,15-1252,Software Developers,MI,Brighton,93645.0,93645.0,93645.0
CACHE FINANCIALS,Cache Financials Inc.,1,1,FY2026Q1,no,15-1252,Software Developers,CA,Sunnyvale,200000.0,200000.0,200000.0
CALABITEK,CALABITEK INC,1,1,FY2026Q1,no,15-1252,Software Developers,TX,irving,91000.0,91000.0,91000.0
CALIFORNIA INSTITUTE OF TECHNOLOGY,California Institute of Technology,1,1,FY2026Q1,no,15-1252,Software Developers,CA,Pasadena,97448.0,97448.0,97448.0
CAMPFIRE INTERACTIVE,"CAMPFIRE INTERACTIVE, INC.",1,1,FY2026Q1,no,15-1252,Software Developers,TX,Georgetown,100000.0,100000.0,100000.0
CARDONE VENTURES,"Cardone Ventures, LLC",1,1,FY2026Q1,no,15-1252,Software Developers,AZ,Scottsdale,90000.0,90000.0,90000.0
CAREMARK,Caremark LLC,1,1,FY2026Q1,no,15-1252,Software Developers,TX,Little Elm,90896.0,90896.0,90896.0
CARESOURCE MANAGEMENT SERVICES,"CareSource Management Services, LLC",1,1,FY2026Q1,no,15-1252,Software Developers,IL,Plainfield,118453.0,118453.0,118453.0
CARNEGIE MELLON UNIVERSITY,Carnegie Mellon University,1,1,FY2026Q1,no,15-1252,Software Developers,PA,Pittsburgh,73855.0,73855.0,73855.0
CBOE GLOBAL MARKETS,Cboe Global Markets Inc,1,1,FY2026Q1,no,15-1252,Software Developers,IL,Chicago,145600.0,145600.0,145600.0
CENTER FOR OPEN SCIENCE,Center for Open Science,1,1,FY2026Q1,no,15-1252,Software Developers,VA,Charlottesville,108840.0,108840.0,108840.0
CENTRAL DYNAMICS,Central Dynamics LLC,1,1,FY2026Q1,no,15-1252,Software Developers,NJ,North Bergen,122154.0,122154.0,122154.0
CEPTUA IT,CEPTUA IT INC,1,1,FY2026Q1,no,15-1252,Software Developers,TX,Irving,90896.0,90896.0,90896.0
CEREBRAS SYSTEMS,CEREBRAS SYSTEMS INC.,1,1,FY2026Q1,no,15-1252,Software Developers,CA,Sunnyvale,150000.0,150000.0,150000.0
CERIBELL,"Ceribell, Inc.",1,1,FY2026Q1,no,15-1252,Software Developers,CA,Sunnyvale,165000.0,165000.0,165000.0
CHADWICK RILEY CORPORATION,CHADWICK RILEY CORPORATION,1,1,FY2026Q1,no,15-1252,Software Developers,FL,Jacksonville,76378.0,76378.0,76378.0
CHARTER COMMUNICATIONS,"Charter Communications, Inc.",1,1,FY2026Q1,no,15-1252,Software Developers,NC,Charlotte,91291.0,91291.0,91291.0
CHARTER GLOBAL,Charter Global Inc,1,1,FY2026Q1,no,15-1252,Software Developers,MA,Boston,108000.0,108000.0,108000.0
CHELSOFT SOLUTIONS CO,Chelsoft Solutions Co.,1,1,FY2026Q1,no,15-1252,Software Developers,VA,McLean,104000.0,104000.0,104000.0
CHRISTUS HEALTH,CHRISTUS Health,1,1,FY2026Q1,no,15-1252,Software Developers,TX,Irving,110011.0,110011.0,110011.0
CICERO TECHNOLOGIES INC DBA EUDIA,"Cicero Technologies, Inc. dba Eudia",1,1,FY2026Q1,no,15-1252,Software Developers,CA,Palo Alto,150000.0,150000.0,150000.0
CIRCULAR EDGE,"Circular Edge, LLC",1,1,FY2026Q1,no,15-1252,Software Developers,NJ,Somerset,115000.0,115000.0,115000.0
CITIZENS FINANCIAL GROUP,"Citizens Financial Group, Inc.",1,1,FY2026Q1,no,15-1252,Software Developers,NJ,Iselin,103210.0,103210.0,103210.0
CITTACORE TECHNOLOGIES,CITTACORE TECHNOLOGIES INC.,1,1,FY2026Q1,no,15-1252,Software Developers,TX,IRVING,95000.0,95000.0,95000.0
CITY OF LAS CRUCES,City of Las Cruces,1,1,FY2026Q1,no,15-1252,Software Developers,NM,Las Cruces,62899.0,62899.0,62899.0
CITYON SYSTEMS,CITYON SYSTEMS INC.,1,1,FY2026Q1,no,15-1252,Software Developers,TX,Plano,91000.0,91000.0,91000.0
CIVIC TECHNOLOGIES,CIVIC TECHNOLOGIES LLC,1,1,FY2026Q1,no,15-1252,Software Developers,IL,CHICAGO,85467.0,85467.0,85467.0
CLARITY AI RESEARCH,Clarity AI Research Inc.,1,1,FY2026Q1,no,15-1252,Software Developers,CA,San Franscisco,250000.0,250000.0,250000.0
CLOUD NINE TEK,Cloud Nine Tek LLC,1,1,FY2026Q1,no,15-1252,Software Developers,CA,South Lake Forest,102232.0,102232.0,102232.0
CLOUD REBOOT,Cloud Reboot Inc,1,1,FY2026Q1,no,15-1252,Software Developers,MN,Eden Prairie,87360.0,87360.0,87360.0
CLOUDFLARE,"CLOUDFLARE, INC.",1,1,FY2026Q1,no,15-1252,Software Developers,CA,SAN FRANCISCO,170000.0,170000.0,170000.0
CLOUDIFY TECHNOLOGIES,Cloudify Technologies LLC,1,1,FY2026Q1,no,15-1252,Software Developers,VA,Mechanicsville,83637.0,83637.0,83637.0
CLOUDINFO,Cloudinfo Inc,1,1,FY2026Q1,no,15-1252,Software Developers,TX,Houston,89253.0,89253.0,89253.0
CLOUDORAMA SOLUTIONS,Cloudorama Solutions,1,1,FY2026Q1,no,15-1252,Software Developers,TN,Nashville,84531.0,84531.0,84531.0
CLOUDSPACE,CloudSpace LLC,1,1,FY2026Q1,no,15-1252,Software Developers,TX,Celina,90896.0,90896.0,90896.0
CLOUDSRV,CLOUDSRV LLC.,1,1,FY2026Q1,no,15-1252,Software Developers,NC,CHARLOTTE,92000.0,92000.0,92000.0
CLSTA,CLSTA LLC,1,1,FY2026Q1,no,15-1252,Software Developers,CA,Montclair,93600.0,93600.0,93600.0
CLUTCHPOINT,"Clutchpoint, LLC",1,1,FY2026Q1,no,15-1252,Software Developers,TX,Tyler,76378.0,76378.0,76378.0
CODE CONNECT,CODE CONNECT INC,1,1,FY2026Q1,no,15-1252,Software Developers,VA,HERNDON,101421.0,101421.0,101421.0
COGNIAL TECHNOLOGIES,"Cognial Technologies, Inc.",1,1,FY2026Q1,no,15-1252,Software Developers,NC,Charlotte,91300.0,91300.0,91300.0
COGNICHIP,"Cognichip, Inc.",1,1,FY2026Q1,no,15-1252,Software Developers,CA,Redwood City,150000.0,150000.0,150000.0
COHASH,Cohash LLC,1,1,FY2026Q1,no,15-1252,Software Developers,GA,Cumming,91000.0,91000.0,91000.0
COMEDS GLOBAL,COMEDS GLOBAL LLC,1,1,FY2026Q1,no,15-1252,Software Developers,SC,Mauldin,67787.0,67787.0,67787.0
COMMUNIFY ON DEMAND,"Communify On Demand, Inc.",1,1,FY2026Q1,no,15-1252,Software Developers,CO,Broomfield,106246.0,106246.0,106246.0
COMPUSOFT INTEGRATED SOLUTIONS,"COMPUSOFT INTEGRATED SOLUTIONS, INC",1,1,FY2026Q1,no,15-1252,Software Developers,TX,AUSTIN,92250.0,92250.0,92250.0
COMPUTER ENTERPRISES,"Computer Enterprises, Inc.",1,1,FY2026Q1,no,15-1252,Software Developers,IL,Chicago,90000.0,90000.0,90000.0
COMPUTER MANAGEMENT AND INFORMATION SOLUTIONS,COMPUTER MANAGEMENT AND INFORMATION SOLUTIONS INC.,1,1,FY2026Q1,no,15-1252,Software Developers,FL,FORT LAUDERDALE,84531.0,84531.0,84531.0
COMSCORE,"comScore, Inc.",1,1,FY2026Q1,no,15-1252,Software Developers,VA,Reston,103090.0,103090.0,103090.0
COMTEK GLOBAL,"COMTEK GLOBAL, INC.",1,1,FY2026Q1,no,15-1252,Software Developers,VA,Mclean,101421.0,101421.0,101421.0
CONDUENT STATE LOCAL SOLUTIONS,"Conduent State & Local Solutions, Inc.",1,1,FY2026Q1,no,15-1252,Software Developers,MD,New Market,110000.0,110000.0,110000.0
CONFIDENCE SYSTEMS,Confidence Systems Inc.,1,1,FY2026Q1,no,15-1252,Software Developers,CA,San Jose,149365.0,149365.0,149365.0
CONNECTIFY,"Connectify, Inc.",1,1,FY2026Q1,no,15-1252,Software Developers,PA,Philadelphia,107000.0,107000.0,107000.0
CONSELLO TECHNOLOGIES,CONSELLO TECHNOLOGIES INC.,1,1,FY2026Q1,no,15-1252,Software Developers,AZ,phoenix,87651.0,87651.0,87651.0
CONSOLIDATED ANALYTICS,Consolidated Analytics Inc.,1,1,FY2026Q1,no,15-1252,Software Developers,CA,Santa Ana,120000.0,120000.0,120000.0
CONSOLIDATED OCEAN TECHNOLOGIES,"Consolidated Ocean Technologies, Inc",1,1,FY2026Q1,no,15-1252,Software Developers,CA,Ventura,104000.0,104000.0,104000.0
COPPER DART,COPPER DART INC,1,1,FY2026Q1,no,15-1252,Software Developers,NJ,Eatontown,103210.0,103210.0,103210.0
COUNTER,Counter Inc.,1,1,FY2026Q1,no,15-1252,Software Developers,CA,San Francisco,150000.0,150000.0,150000.0
CREDIT UNIONS IN THE STATE OF WASHINGTON BOEING EMPLOYEES CREDIT UNION,Credit Unions in the State of Washington Boeing Employees Credit Union,1,1,FY2026Q1,no,15-1252,Software Developers,TX,Celina,139700.0,139700.0,139700.0
CRITEO,Criteo Corp,1,1,FY2026Q1,no,15-1252,Software Developers,CA,Los Angeles,116809.0,116809.0,116809.0
CRUCIBLETECH,"CrucibleTech, Inc.",1,1,FY2026Q1,no,15-1252,Software Developers,GA,Atlanta,87859.0,87859.0,87859.0
CSCS,CSCS LLC,1,1,FY2026Q1,no,15-1252,Software Developers,GA,ALPHARETTA,87859.0,87859.0,87859.0
CSI INTERFUSION,CSI Interfusion Inc,1,1,FY2026Q1,no,15-1252,Software Developers,WA,Bellevue,140000.0,140000.0,140000.0
CY9,CY9 INC.,1,1,FY2026Q1,no,15-1252,Software Developers,NJ,JERSEY CITY,103210.0,103210.0,103210.0
DANATRONICS CORPORATION,Danatronics Corporation,1,1,FY2026Q1,no,15-1252,Software Developers,MA,Danvers,107557.0,107557.0,107557.0
DARE AUTO,"Dare Auto, Inc.",1,1,FY2026Q1,no,15-1252,Software Developers,MI,Plymouth,84053.0,84053.0,84053.0
DATA STRATEGIES INTERCHANGE,"Data Strategies Interchange, LLC",1,1,FY2026Q1,no,15-1252,Software Developers,TX,Houston,91000.0,91000.0,91000.0
DATABENTO,Databento Inc.,1,1,FY2026Q1,no,15-1252,Software Developers,CA,Los Angeles,125000.0,125000.0,125000.0
DATADOG,"Datadog, Inc.",1,1,FY2026Q1,no,15-1252,Software Developers,NY,New York,163000.0,163000.0,163000.0
DATASPARX,DATASparx LLC,1,1,FY2026Q1,no,15-1252,Software Developers,NC,Charlotte,91291.0,91291.0,91291.0
DATATRON TECHNOLOGIES,Datatron Technologies Inc,1,1,FY2026Q1,no,15-1252,Software Developers,TX,Dallas,90896.0,90896.0,90896.0
DECISION SIX,Decision Six Inc,1,1,FY2026Q1,no,15-1252,Software Developers,NJ,Franklin Park,103210.0,103210.0,103210.0
DERIVE LABS CORPORATE,Derive Labs Corporate,1,1,FY2026Q1,no,15-1252,Software Developers,NY,New York,115000.0,115000.0,115000.0
DEVBYTES,Devbytes Inc,1,1,FY2026Q1,no,15-1252,Software Developers,CA,Sylmar,102400.0,102400.0,102400.0
DEW SOFTWARE,DEW Software INC,1,1,FY2026Q1,no,15-1252,Software Developers,CA,Palo Alto,149365.0,149365.0,149365.0
DEXMATE,Dexmate Inc.,1,1,FY2026Q1,no,15-1252,Software Developers,CA,Santa Clara,149365.0,149365.0,149365.0
DFS CORPORATE SERVICES,DFS Corporate Services LLC,1,1,FY2026Q1,no,15-1252,Software Developers,IL,Riverwoods,88102.0,88102.0,88102.0
DIGI CLOUD,DIGI CLOUD LLC,1,1,FY2026Q1,no,15-1252,Software Developers,WA,Redmond,117749.0,117749.0,117749.0
DIGICOMM SYSTEMS,"DigiComm Systems, Inc.",1,1,FY2026Q1,no,15-1252,Software Developers,LA,Metairie,84000.0,84000.0,84000.0
DIGITAL MANAGEMENT,DIGITAL MANAGEMENT LLC,1,1,FY2026Q1,no,15-1252,Software Developers,MD,Linthicum Heights,122000.0,122000.0,122000.0
DIGITAL TWINS TECHNOLOGIES,DIGITAL TWINS TECHNOLOGIES LLC,1,1,FY2026Q1,no,15-1252,Software Developers,IL,CHICAGO,85467.0,85467.0,85467.0
DIONA US,Diona (US) Inc.,1,1,FY2026Q1,no,15-1252,Software Developers,SC,Columbia,93000.0,93000.0,93000.0
DIRECT PROFESSIONALS NETWORK,Direct Professionals Network Inc,1,1,FY2026Q1,no,15-1252,Software Developers,IL,Carol Stream,91000.0,91000.0,91000.0
DK CROWN HOLDINGS,DK Crown Holdings Inc.,1,1,FY2026Q1,no,15-1252,Software Developers,MA,Boston,135699.0,135699.0,135699.0
DOGE LABS,Doge Labs Inc,1,1,FY2026Q1,no,15-1252,Software Developers,WA,Seattle,120000.0,120000.0,120000.0
DOYEN SQUARE TECHNOLOGIES,Doyen Square Technologies Inc,1,1,FY2026Q1,no,15-1252,Software Developers,TX,Plano,105600.0,105600.0,105600.0
DRACS CONSULTING GROUP,DRACS CONSULTING GROUP INC,1,1,FY2026Q1,no,15-1252,Software Developers,GA,Johns Creek,87859.0,87859.0,87859.0
DREAMFOX SOLUTIONS,Dreamfox Solutions Inc,1,1,FY2026Q1,no,15-1252,Software Developers,TX,Northlake,90896.0,90896.0,90896.0
DTEK CONSULTING SERVICES,"DTeK Consulting Services, Inc",1,1,FY2026Q1,no,15-1252,Software Developers,TX,Argyle,90896.0,90896.0,90896.0
E GIANTS TECHNOLOGIES,E-GIANTS TECHNOLOGIES LLC,1,1,FY2026Q1,no,15-1252,Software Developers,NJ,WOODBRIDGE TOWNSHIP,103210.0,103210.0,103210.0
E TECHNOLOGIES GROUP,"E-Technologies Group, LLC.",1,1,FY2026Q1,no,15-1252,Software Developers,NY,Albany,84500.0,84500.0,84500.0
EATON CORPORATION,Eaton Corporation,1,1,FY2026Q1,no,15-1252,Software Developers,NC,Raleigh,105500.0,105500.0,105500.0
ECLINICALWORKS,eClinicalWorks LLC,1,1,FY2026Q1,no,15-1252,Software Developers,KS,Wichita,68000.0,68000.0,68000.0
EGROVE SYSTEMS CORPORATION,EGROVE SYSTEMS CORPORATION,1,1,FY2026Q1,no,15-1252,Software Developers,IL,VERNON HILLS,103300.0,103300.0,103300.0
EISERONE,Eiserone LLC,1,1,FY2026Q1,no,15-1252,Software Developers,VA,McLean,101421.0,101421.0,101421.0
ELLKAY,"Ellkay, LLC",1,1,FY2026Q1,no,15-1252,Software Developers,NJ,Elmwood Park,103210.0,103210.0,103210.0
ELM FIELDSIGHT LLC D B A ELM MICROGRID,"ELM Fieldsight, LLC d.b.a. ELM Microgrid",1,1,FY2026Q1,no,15-1252,Software Developers,TX,The Colony,105000.0,105000.0,105000.0
ELO TOUCH SOLUTIONS,"Elo Touch Solutions, Inc",1,1,FY2026Q1,no,15-1252,Software Developers,CA,Milpitas,150000.0,150000.0,150000.0
EMAGE SOFTWARE SERVICES,"Emage Software Services, LLC",1,1,FY2026Q1,no,15-1252,Software Developers,GA,Alpharetta,87859.0,87859.0,87859.0
EMBLEMATIC TECH SOLUTIONS,"EMBLEMATIC TECH SOLUTIONS, LLC",1,1,FY2026Q1,no,15-1252,Software Developers,GA,Johns Creek,101421.0,101421.0,101421.0
EMPLOY,"Employ, Inc.",1,1,FY2026Q1,no,15-1252,Software Developers,WA,Redmond,117749.0,117749.0,117749.0
ENDAVA SOLUTIONS,"Endava Solutions, LLC",1,1,FY2026Q1,no,15-1252,Software Developers,FL,Tampa,78374.0,78374.0,78374.0
ENLIGHTEN MANAGEMENT SOLUTIONS,"Enlighten Management Solutions, Inc.",1,1,FY2026Q1,no,15-1252,Software Developers,AZ,Maricopa,87651.0,87651.0,87651.0
ENVIRONMENTAL SYSTEMS RESEARCH INSTITUTE,"Environmental Systems Research Institute, Inc.",1,1,FY2026Q1,no,15-1252,Software Developers,CA,Redlands,141245.0,141245.0,141245.0
EPCOT TECHNOLOGIES,Epcot Technologies Inc,1,1,FY2026Q1,no,15-1252,Software Developers,IL,Buffalo Grove,100000.0,100000.0,100000.0
EPICOR SOFTWARE CORPORATION,Epicor Software Corporation,1,1,FY2026Q1,no,15-1252,Software Developers,TX,Irving,110411.0,110411.0,110411.0
EPITEC,"Epitec, Inc.",1,1,FY2026Q1,no,15-1252,Software Developers,MI,Allen Park,84053.0,84053.0,84053.0
EVEREST GLOBAL SOLUTIONS,"Everest Global Solutions, Inc.",1,1,FY2026Q1,no,15-1252,Software Developers,FL,Juno Beach,83658.0,83658.0,83658.0
EVOKE TECHNOLOGIES,Evoke Technologies,1,1,FY2026Q1,no,15-1252,Software Developers,PA,Philadelphia,88088.0,88088.0,88088.0
EVRY USA CORPORATION,EVRY USA CORPORATION,1,1,FY2026Q1,no,15-1252,Software Developers,CA,San Diego,114936.0,114936.0,114936.0
EXTO,Exto Inc.,1,1,FY2026Q1,no,15-1252,Software Developers,CA,San Francisco,136000.0,136000.0,136000.0
FARMERS GROUP,"Farmers Group, Inc.",1,1,FY2026Q1,no,15-1252,Software Developers,CA,Woodland Hills,124560.0,124560.0,124560.0
FEDERAL EXPRESS CORPORATION,Federal Express Corporation,1,1,FY2026Q1,no,15-1252,Software Developers,TN,Collierville,86940.0,86940.0,86940.0
FINACLE SOFT,Finacle Soft Inc,1,1,FY2026Q1,no,15-1252,Software Developers,NJ,NORTH BRUNSWICK,103210.0,103210.0,103210.0
FINYS,"Finys, LLC",1,1,FY2026Q1,no,15-1252,Software Developers,MI,Troy,85000.0,85000.0,85000.0
FIREFLY TECHNOLOGY,Firefly Technology Inc.,1,1,FY2026Q1,no,15-1252,Software Developers,NY,New York City,135000.0,135000.0,135000.0
FIRST ADVANTAGE BACKGROUND SERVICES CORPORATION,First Advantage Background Services Corporation,1,1,FY2026Q1,no,15-1252,Software Developers,GA,Atlanta,90000.0,90000.0,90000.0
FIRST SOFT SOLUTIONS,FIRST SOFT SOLUTIONS LLC,1,1,FY2026Q1,no,15-1252,Software Developers,TX,Irving,91000.0,91000.0,91000.0
FLATIRON MERCHANTS,Flatiron Merchants Inc,1,1,FY2026Q1,no,15-1252,Software Developers,GA,Port Wentworth,72000.0,72000.0,72000.0
FLYHIGH STAFFING,Flyhigh Staffing LLC,1,1,FY2026Q1,no,15-1252,Software Developers,NJ,Jersey City,103210.0,103210.0,103210.0
FOLLETT SOFTWARE,"Follett Software, LLC",1,1,FY2026Q1,no,15-1252,Software Developers,OR,Hillsboro,102898.0,102898.0,102898.0
FOODFX,Foodfx Inc.,1,1,FY2026Q1,no,15-1252,Software Developers,CA,San Jose,149365.0,149365.0,149365.0
FRANKLIN INFOTECH,"FRANKLIN INFOTECH, INC.",1,1,FY2026Q1,no,15-1252,Software Developers,CA,SUNNYVALE,150000.0,150000.0,150000.0
FRASCO,"Frasco, Inc",1,1,FY2026Q1,no,15-1252,Software Developers,FL,Spring Hill,80000.0,80000.0,80000.0
FREQUENCE,"Frequence, Inc.",1,1,FY2026Q1,no,15-1252,Software Developers,CA,Mountain View,155500.0,155500.0,155500.0
FRONTIERSYNTH AI,FrontierSynth AI LLC,1,1,FY2026Q1,no,15-1252,Software Developers,NY,New York,104853.0,104853.0,104853.0
FSTONE TECHNOLOGIES,Fstone Technologies LLC,1,1,FY2026Q1,no,15-1252,Software Developers,NJ,Mt Laurel Township,105000.0,105000.0,105000.0
FYVE BY,Fyve By Corp.,1,1,FY2026Q1,no,15-1252,Software Developers,GA,Atlanta,87859.0,87859.0,87859.0
GALAXY3,Galaxy3 Corp Inc,1,1,FY2026Q1,no,15-1252,Software Developers,NJ,Hillsborough,103210.0,103210.0,103210.0
GAMETIME UNITED,GAMETIME UNITED,1,1,FY2026Q1,no,15-1252,Software Developers,CA,SAN FRANCISCO,155000.0,155000.0,155000.0
GBT US,GBT US LLC,1,1,FY2026Q1,no,15-1252,Software Developers,AZ,Phoenix,87651.0,87651.0,87651.0
GEMINI SOFTWARE SERVICES,Gemini Software Services,1,1,FY2026Q1,no,15-1252,Software Developers,WA,Bellevue,130000.0,130000.0,130000.0
GENESYS CLOUD SERVICES,"Genesys Cloud Services, Inc.",1,1,FY2026Q1,no,15-1252,Software Developers,WA,Redmond,123000.0,123000.0,123000.0
GENPX,GenPx Inc,1,1,FY2026Q1,no,15-1252,Software Developers,NJ,Piscataway,103210.0,103210.0,103210.0
GENSPARK,Genspark Inc.,1,1,FY2026Q1,no,15-1252,Software Developers,CA,Palo Alto,149365.0,149365.0,149365.0
GEORGIA DEPARTMENT OF DRIVER SERVICES,Georgia Department of Driver Services,1,1,FY2026Q1,no,15-1252,Software Developers,GA,CONYERS,99500.0,99500.0,99500.0
GERITI,"Geriti, Inc.",1,1,FY2026Q1,no,15-1252,Software Developers,VA,McLean,101421.0,101421.0,101421.0
GLEAN TECHNOLOGIES,"Glean Technologies, Inc.",1,1,FY2026Q1,no,15-1252,Software Developers,NY,New York,130000.0,130000.0,130000.0
GLOBAL IT SOLUTIONS,GLOBAL IT SOLUTIONS INC,1,1,FY2026Q1,no,15-1252,Software Developers,TX,PLANO,108160.0,108160.0,108160.0
GLOBAL PAYMENT HOLDING COMPANY,Global Payment Holding Company,1,1,FY2026Q1,no,15-1252,Software Developers,TX,Plano,90896.0,90896.0,90896.0
GLOBAL SUMI TECHNOLOGIES,GLOBAL SUMI TECHNOLOGIES INC,1,1,FY2026Q1,no,15-1252,Software Developers,NY,BROOKLYN,103500.0,103500.0,103500.0
GLOBAL TECHNO IT,"Global Techno IT, Inc",1,1,FY2026Q1,no,15-1252,Software Developers,PA,Middletown,78000.0,78000.0,78000.0
GLOBETAX SERVICES,"GLOBETAX SERVICES, INC.",1,1,FY2026Q1,no,15-1252,Software Developers,NY,New York,103210.0,103210.0,103210.0
GOLDEN MERCHANT SERVICES,Golden Merchant Services Inc.,1,1,FY2026Q1,no,15-1252,Software Developers,CA,Freemont,136000.0,136000.0,136000.0
GPS IT SOLUTIONS,GPS IT Solutions LLC,1,1,FY2026Q1,no,15-1252,Software Developers,NY,Brooklyn,105000.0,105000.0,105000.0
GRANTD EQUITY,Grantd Equity Inc.,1,1,FY2026Q1,no,15-1252,Software Developers,CO,Boulder,110000.0,110000.0,110000.0
GRATITURE SOLUTIONS,"Gratiture Solutions, LLC.",1,1,FY2026Q1,no,15-1252,Software Developers,TX,Plano,90896.0,90896.0,90896.0
GRAZITTI INTERACTIVE,"Grazitti Interactive, Inc.",1,1,FY2026Q1,no,15-1252,Software Developers,MO,Saint Charles,178000.0,178000.0,178000.0
GREEN AIR LINK CORPORATION,Green Air Link Corporation,1,1,FY2026Q1,no,15-1252,Software Developers,CA,Monterey Park,102232.0,102232.0,102232.0
GROUNDSWELL,Groundswell,1,1,FY2026Q1,no,15-1252,Software Developers,VA,McLean,130000.0,130000.0,130000.0
GTECH,GTECH LLC,1,1,FY2026Q1,no,15-1252,Software Developers,VA,Mechanicsville,90896.0,90896.0,90896.0
GUIDEHOUSE DIGITAL,Guidehouse Digital LLC,1,1,FY2026Q1,no,15-1252,Software Developers,MD,Bethesda,106080.0,106080.0,106080.0
GURUNANDA,"GuruNanda, LLC.",1,1,FY2026Q1,no,15-1252,Software Developers,CA,Buena Park,103210.0,103210.0,103210.0
GXC,"GXC, LLC",1,1,FY2026Q1,no,15-1252,Software Developers,TX,Austin,90355.0,90355.0,90355.0
H TOWN TECHNOLOGIES,H-TOWN TECHNOLOGIES INC,1,1,FY2026Q1,no,15-1252,Software Developers,MI,Auburn Hills,84053.0,84053.0,84053.0
HANABI AI,Hanabi AI Inc,1,1,FY2026Q1,no,15-1252,Software Developers,CA,San Francisco,135699.0,135699.0,135699.0
HANKER SYSTEMS,Hanker Systems Inc,1,1,FY2026Q1,no,15-1252,Software Developers,VA,Henrico,83637.0,83637.0,83637.0
HARMONIA DISTRO,Harmonia Distro Inc,1,1,FY2026Q1,no,15-1252,Software Developers,AZ,Tucson,87277.0,87277.0,87277.0
HBO SERVICE CORPORATION,HBO Service Corporation,1,1,FY2026Q1,no,15-1252,Software Developers,WA,Bellevue,174191.0,174191.0,174191.0
HELISHORES,"HELISHORES, INC",1,1,FY2026Q1,no,15-1252,Software Developers,GA,ALPHARETTA,98000.0,98000.0,98000.0
HINDSIGHT SOFTWARE SOLUTIONS,HINDSIGHT SOFTWARE SOLUTIONS INC,1,1,FY2026Q1,no,15-1252,Software Developers,WA,Seattle,117749.0,117749.0,117749.0
HITACHI DIGITAL SERVICES,Hitachi Digital Services LLC,1,1,FY2026Q1,no,15-1252,Software Developers,IL,Riverwoods,90896.0,90896.0,90896.0
HOME DEPOT MANAGEMENT COMPANY,Home Depot Management Company LLC,1,1,FY2026Q1,no,15-1252,Software Developers,TX,Farmers Branch,95870.0,95870.0,95870.0
HORIZON INTERNATIONAL TRD,Horizon International Trd. Inc.,1,1,FY2026Q1,no,15-1252,Software Developers,MA,Belmont,108160.0,108160.0,108160.0
HRK SYSTEMS,HRK SYSTEMS INC,1,1,FY2026Q1,no,15-1252,Software Developers,TX,Farmers Branch,91000.0,91000.0,91000.0
HUMAN RESOURCE AND KNOWLEDGE,"Human Resource and Knowledge, Inc.",1,1,FY2026Q1,no,15-1252,Software Developers,TX,Houston,90896.0,90896.0,90896.0
HUMANA,Humana Inc.,1,1,FY2026Q1,no,15-1252,Software Developers,TX,Celina,107500.0,107500.0,107500.0
HUMBER AUTOMATED SYSTEMS,Humber Automated Systems LLC,1,1,FY2026Q1,no,15-1252,Software Developers,MI,Novi,84100.0,84100.0,84100.0
HUMIGENT,Humigent Inc.,1,1,FY2026Q1,no,15-1252,Software Developers,CA,Sunnyvale,149365.0,149365.0,149365.0
HURLEY ASSOCIATES,"Hurley & Associates, Inc.",1,1,FY2026Q1,no,15-1252,Software Developers,TN,Chattanooga,70000.0,70000.0,70000.0
HYATT CORPORATION,Hyatt Corporation,1,1,FY2026Q1,no,15-1252,Software Developers,CA,Fremont,146717.0,146717.0,146717.0
I1 TECH,I1 Tech INC,1,1,FY2026Q1,no,15-1252,Software Developers,UT,Bluffdale,80538.0,80538.0,80538.0
IB SYSTEMS,"IB Systems, Inc.",1,1,FY2026Q1,no,15-1252,Software Developers,NJ,Iselin,103210.0,103210.0,103210.0
ICF INCORPORATED,"ICF Incorporated, LLC",1,1,FY2026Q1,no,15-1252,Software Developers,NY,Depew,95955.0,95955.0,95955.0
ICLOUDTEQ,ICLOUDTEQ LLC.,1,1,FY2026Q1,no,15-1252,Software Developers,TX,SAN ANTONIO,85446.0,85446.0,85446.0
ICS GLOBAL SOFT,ICS Global Soft Inc,1,1,FY2026Q1,no,15-1252,Software Developers,VA,Reston,101421.0,101421.0,101421.0
ICUBE CONSULTANCY SERVICES,"iCube Consultancy Services, Inc.",1,1,FY2026Q1,no,15-1252,Software Developers,FL,Jacksonville,85000.0,85000.0,85000.0
ICUBE TECHNOLOGY,Icube Technology Inc,1,1,FY2026Q1,no,15-1252,Software Developers,IL,Chicago,95000.0,95000.0,95000.0
IDEAFLOW,"IdeaFlow, Inc.",1,1,FY2026Q1,no,15-1252,Software Developers,CA,Palo Alto,149500.0,149500.0,149500.0
IFUSION,IFUSION INC,1,1,FY2026Q1,no,15-1252,Software Developers,DE,WILMINGTON,88088.0,88088.0,88088.0
ILIFE TECHNOLOGIES,"iLife Technologies, Inc.",1,1,FY2026Q1,no,15-1252,Software Developers,WA,Seattle,120000.0,120000.0,120000.0
ILLINOIS FOUNDATION SEEDS,"Illinois Foundation Seeds, Inc.",1,1,FY2026Q1,no,15-1252,Software Developers,IL,Tolono,75500.0,75500.0,75500.0
ILLUMIO,"Illumio, Inc.",1,1,FY2026Q1,no,15-1252,Software Developers,CA,Sunnyvale,149365.0,149365.0,149365.0
INABIA SOFTWARE AND CONSULTING,Inabia Software and Consulting Inc,1,1,FY2026Q1,no,15-1252,Software Developers,WA,Redmond,118000.0,118000.0,118000.0
INCONTACT,"inContact, Inc.",1,1,FY2026Q1,no,15-1252,Software Developers,UT,Sandy,81092.0,81092.0,81092.0
INCORPORAN,INCORPORAN INC,1,1,FY2026Q1,no,15-1252,Software Developers,TX,Irving,90896.0,90896.0,90896.0
INDEED,"Indeed, Inc.",1,1,FY2026Q1,no,15-1252,Software Developers,CA,Riverside,91354.0,91354.0,91354.0
INDUS GROUP,"INDUS GROUP, INC.",1,1,FY2026Q1,no,15-1252,Software Developers,CA,SACRAMENTO,100100.0,100100.0,100100.0
INDUSTRIAL TECHNOLOGIES AND SERVICES,INDUSTRIAL TECHNOLOGIES AND SERVICES LLC,1,1,FY2026Q1,no,15-1252,Software Developers,NC,DAVIDSON,91291.0,91291.0,91291.0
INFOSMART TECHNOLOGIES,"Infosmart Technologies, Inc.",1,1,FY2026Q1,no,15-1252,Software Developers,GA,Suwanee,87859.0,87859.0,87859.0
INFOSTRETCH CORPORATION,INFOSTRETCH CORPORATION,1,1,FY2026Q1,no,15-1252,Software Developers,IL,Chicago,85500.0,85500.0,85500.0
INFOWAVE SYSTEMS,Infowave Systems Inc,1,1,FY2026Q1,no,15-1252,Software Developers,IL,Downers Grove,86000.0,86000.0,86000.0
INITIO,Initio Corp.,1,1,FY2026Q1,no,15-1252,Software Developers,TX,Denton,92000.0,92000.0,92000.0
INNOSOUL,innoSoul Inc,1,1,FY2026Q1,no,15-1252,Software Developers,MN,St. Paul,103605.0,103605.0,103605.0
INNOVAR HEALTHCARE SYSTEMS GROUP,"Innovar Healthcare Systems Group, Inc.",1,1,FY2026Q1,no,15-1252,Software Developers,NC,Raleigh,110000.0,110000.0,110000.0
INNOVCENTRIC,INNOVCENTRIC LLC,1,1,FY2026Q1,no,15-1252,Software Developers,IL,Riverwoods,85500.0,85500.0,85500.0
INSPYR SOLUTIONS,"INSPYR Solutions, LLC",1,1,FY2026Q1,no,15-1252,Software Developers,CA,Cupertino,149760.0,149760.0,149760.0
INSURANCE SERVICES OFFICE,"Insurance Services Office, Inc",1,1,FY2026Q1,no,15-1252,Software Developers,NJ,Jersey City,117260.0,117260.0,117260.0
INTEGRATED SUPPORT SOLUTIONS,"Integrated Support Solutions, Inc.",1,1,FY2026Q1,no,15-1252,Software Developers,CA,La Verne,118664.0,118664.0,118664.0
INTELIROUTE TECHNOLOGIES,INTELIROUTE TECHNOLOGIES LLC,1,1,FY2026Q1,no,15-1252,Software Developers,NJ,JERSEY CITY,103210.0,103210.0,103210.0
INTELIZIGN SOLUTIONS,INTELIZIGN SOLUTIONS LLC,1,1,FY2026Q1,no,15-1252,Software Developers,WA,MONROE,117749.0,117749.0,117749.0
INTELLECTT,Intellectt Inc,1,1,FY2026Q1,no,15-1252,Software Developers,IA,Des Moines,99424.0,99424.0,99424.0
INTELLISOFT SYSTEMS,Intellisoft Systems LLC,1,1,FY2026Q1,no,15-1252,Software Developers,TX,Corinth,90896.0,90896.0,90896.0
INTELLISOFT TECHNOLOGIES,Intellisoft Technologies,1,1,FY2026Q1,no,15-1252,Software Developers,VA,Fairfax,101421.0,101421.0,101421.0
INTELLIZANT,Intellizant LLC,1,1,FY2026Q1,no,15-1252,Software Developers,MD,Rockville,117875.0,117875.0,117875.0
INTENSIFY TECHNOLOGIES,Intensify Technologies Inc.,1,1,FY2026Q1,no,15-1252,Software Developers,TX,Plano,90896.0,90896.0,90896.0
INTERFACE STUDIO,"Interface Studio, Inc.",1,1,FY2026Q1,no,15-1252,Software Developers,CA,San Francisco,136000.0,136000.0,136000.0
INTERON IT SOLUTIONS,Interon IT Solutions LLC,1,1,FY2026Q1,no,15-1252,Software Developers,TX,Irving,90896.0,90896.0,90896.0
INTERSYSTEMS CORPORATION,InterSystems Corporation,1,1,FY2026Q1,no,15-1252,Software Developers,MA,Boston,110000.0,110000.0,110000.0
INVOLGIXS,INVOLGIXS INC,1,1,FY2026Q1,no,15-1252,Software Developers,TX,Liberty Hill,104000.0,104000.0,104000.0
INVOTECK,"INVOTECK, INC.",1,1,FY2026Q1,no,15-1252,Software Developers,PA,PHILADELPHIA,88088.0,88088.0,88088.0
IQUEST SOLUTIONS,Iquest Solutions Corp.,1,1,FY2026Q1,no,15-1252,Software Developers,TX,Plano,90896.0,90896.0,90896.0
ISQUAREINFO,ISQUAREINFO LLC,1,1,FY2026Q1,no,15-1252,Software Developers,NJ,Edison,103500.0,103500.0,103500.0
IT ECHELON CORPORATION,IT ECHELON CORPORATION,1,1,FY2026Q1,no,15-1252,Software Developers,AZ,Phoenix,88000.0,88000.0,88000.0
ITINDUCT,ITinduct Inc,1,1,FY2026Q1,no,15-1252,Software Developers,NC,Charlotte,91520.0,91520.0,91520.0
ITLIZE GLOBAL,ITLIZE GLOBAL LLC.,1,1,FY2026Q1,no,15-1252,Software Developers,PA,PHILADELPHIA,103210.0,103210.0,103210.0
ITVORKS,"ITVORKS, INC.",1,1,FY2026Q1,no,15-1252,Software Developers,NC,RALEIGH,92000.0,92000.0,92000.0
JANUS HENDERSON INVESTORS US,"JANUS HENDERSON INVESTORS US, LLC",1,1,FY2026Q1,no,15-1252,Software Developers,CO,DENVER,99000.0,99000.0,99000.0
JENSEN BRAUN,JENSEN Braun LLC,1,1,FY2026Q1,no,15-1252,Software Developers,NY,Syracuse,90177.0,90177.0,90177.0
JIREH SEMICONDUCTOR,"Jireh Semiconductor, Inc.",1,1,FY2026Q1,no,15-1252,Software Developers,OR,Hillsboro,102898.0,102898.0,102898.0
JITX,JITX Inc.,1,1,FY2026Q1,no,15-1252,Software Developers,CA,Berkeley,149365.0,149365.0,149365.0
JOURNEYGUIDE ANALYTIX,"JourneyGuide Analytix, Inc.",1,1,FY2026Q1,no,15-1252,Software Developers,IN,Fort Wayne,84000.0,84000.0,84000.0
JSMN INTERNATIONAL,JSMN International Inc,1,1,FY2026Q1,no,15-1252,Software Developers,NJ,Jersey City,103210.0,103210.0,103210.0
K TEK SOFT,K Tek Soft Inc,1,1,FY2026Q1,no,15-1252,Software Developers,VA,McLean,101421.0,101421.0,101421.0
KAIRAS TECH,KAIRAS TECH LLC,1,1,FY2026Q1,no,15-1252,Software Developers,AZ,Scottsdale,87651.0,87651.0,87651.0
KAIZEN ANALYTIX,Kaizen Analytix LLC,1,1,FY2026Q1,no,15-1252,Software Developers,GA,Atlanta,88000.0,88000.0,88000.0
KALIBER LABS,"Kaliber Labs, Inc.",1,1,FY2026Q1,no,15-1252,Software Developers,CA,San Mateo,140000.0,140000.0,140000.0
KANSHE INFOTECH,KANSHE INFOTECH INC,1,1,FY2026Q1,no,15-1252,Software Developers,TX,Plano,90896.0,90896.0,90896.0
KARIERA TECH,KARIERA TECH LLC,1,1,FY2026Q1,no,15-1252,Software Developers,TX,HOUSTON,84096.0,84096.0,84096.0
KASHVIDA,Kashvida inc,1,1,FY2026Q1,no,15-1252,Software Developers,TX,Aubrey,90896.0,90896.0,90896.0
KENESIS MANAGEMENT COMPANY,"Kenesis Management Company, LLC",1,1,FY2026Q1,no,15-1252,Software Developers,DC,Washington,110000.0,110000.0,110000.0
KEPLOREAI,KEPLOREAI INC.,1,1,FY2026Q1,no,15-1252,Software Developers,CA,Santa Clara,168000.0,168000.0,168000.0
KEYPHASE,"KEYPHASE, INC.",1,1,FY2026Q1,no,15-1252,Software Developers,CA,SAN JOSE,149365.0,149365.0,149365.0
KI INFOSYSTEMS,"KI INFOSYSTEMS, LLC.",1,1,FY2026Q1,no,15-1252,Software Developers,MO,SAINT LOUIS,78000.0,78000.0,78000.0
KIEWIT ENGINEERING GROUP,Kiewit Engineering Group Inc.,1,1,FY2026Q1,no,15-1252,Software Developers,KS,Lenexa,106566.0,106566.0,106566.0
KIRANAM TECHNOLOGIES,Kiranam Technologies Inc.,1,1,FY2026Q1,no,15-1252,Software Developers,OH,Brooklyn,72883.0,72883.0,72883.0
KLOUDGIN,"KloudGin, Inc.",1,1,FY2026Q1,no,15-1252,Software Developers,CA,Sunnyvale,149365.0,149365.0,149365.0
KNACKHOOK,KNACKHOOK LLC.,1,1,FY2026Q1,no,15-1252,Software Developers,GA,Alpharetta,87859.0,87859.0,87859.0
KPRIYAN IT ENTERPRISE SOLUTIONS,"Kpriyan IT Enterprise Solutions, LLC",1,1,FY2026Q1,no,15-1252,Software Developers,VA,Fairfax,104000.0,104000.0,104000.0
KRISH INFO TECH,"KRISH INFO TECH , INC.",1,1,FY2026Q1,no,15-1252,Software Developers,TX,Plano,90896.0,90896.0,90896.0
KYYBA TECH,Kyyba Tech Inc.,1,1,FY2026Q1,no,15-1252,Software Developers,TX,San Antonio,116480.0,116480.0,116480.0
LEAD BANK,Lead Bank,1,1,FY2026Q1,no,15-1252,Software Developers,WA,Seattle,185000.0,185000.0,185000.0
LEAVITT MEDICAL,Leavitt Medical Inc.,1,1,FY2026Q1,no,15-1252,Software Developers,ID,Rexburg,68910.0,68910.0,68910.0
LENNAR CORPORATION,Lennar Corporation,1,1,FY2026Q1,no,15-1252,Software Developers,TX,Irving,95000.0,95000.0,95000.0
LEVEL 3 COMMUNICATION,"Level 3 Communication, LLC",1,1,FY2026Q1,no,15-1252,Software Developers,WA,Puyallup,131158.0,131158.0,131158.0
LICK MOUNTAIN,Lick Mountain LLC,1,1,FY2026Q1,no,15-1252,Software Developers,VA,Free Union,86216.0,86216.0,86216.0
LILAX TECHNOLOGIES,"LILAX TECHNOLOGIES, INC.",1,1,FY2026Q1,no,15-1252,Software Developers,FL,Tampa,90355.0,90355.0,90355.0
LINCOLN NATIONAL CORPORATION,Lincoln National Corporation,1,1,FY2026Q1,no,15-1252,Software Developers,TX,Richardson,90896.0,90896.0,90896.0
LODESTAR SYSTEMS,Lodestar Systems Inc,1,1,FY2026Q1,no,15-1252,Software Developers,VA,Ashburn,101920.0,101920.0,101920.0
LOOP PAYMENTS,"Loop Payments, Inc.",1,1,FY2026Q1,no,15-1252,Software Developers,IL,Chicago,125000.0,125000.0,125000.0
LORHAN CORPORATION,LORHAN CORPORATION INC.,1,1,FY2026Q1,no,15-1252,Software Developers,NJ,WHIPPANY,103210.0,103210.0,103210.0
LUCENT AI,"Lucent AI, Inc",1,1,FY2026Q1,no,15-1252,Software Developers,CA,San Francisco,140000.0,140000.0,140000.0
LUCIDLAYER,LucidLayer,1,1,FY2026Q1,no,15-1252,Software Developers,NY,Brooklyn,103272.0,103272.0,103272.0
LUMEN IT SERVICES,LUMEN IT SERVICES LLC,1,1,FY2026Q1,no,15-1252,Software Developers,TX,Dallas,90896.0,90896.0,90896.0
LUMEN TECHNOLOGIES SERVICE GROUP,"Lumen Technologies Service Group, LLC",1,1,FY2026Q1,no,15-1252,Software Developers,CO,Parker,111460.0,111460.0,111460.0
LUMINACORE AI,"LuminaCore AI, Inc.",1,1,FY2026Q1,no,15-1252,Software Developers,CA,Cupertino,149365.0,149365.0,149365.0
LUXOFT USA,"Luxoft USA, Inc.",1,1,FY2026Q1,no,15-1252,Software Developers,NJ,Jersey City,120000.0,120000.0,120000.0
LUXOTTICA OF AMERICA,Luxottica of America Inc.,1,1,FY2026Q1,no,15-1252,Software Developers,TX,Austin,119804.0,119804.0,119804.0
LYVE TECH,Lyve Tech LLC,1,1,FY2026Q1,no,15-1252,Software Developers,TX,Allen,91000.0,91000.0,91000.0
MAGICBYTE AI,"MagicByte AI, Inc.",1,1,FY2026Q1,no,15-1252,Software Developers,CA,Palo Alto,150000.0,150000.0,150000.0
MAGNA ELECTRONICS,"Magna Electronics, Inc.",1,1,FY2026Q1,no,15-1252,Software Developers,MI,Auburn Hills,84053.0,84053.0,84053.0
MAINI,Maini LLC,1,1,FY2026Q1,no,15-1252,Software Developers,GA,Alpharetta,100000.0,100000.0,100000.0
MANJU SOFTWARE SOLUTIONS,Manju Software Solutions Inc,1,1,FY2026Q1,no,15-1252,Software Developers,TX,Round Rock,99840.0,99840.0,99840.0
MANKIND AMERICA,MANKIND AMERICA LLC,1,1,FY2026Q1,no,15-1252,Software Developers,TX,Dallas,90896.0,90896.0,90896.0
MAQ L L C,MAQ L.L.C.,1,1,FY2026Q1,no,15-1252,Software Developers,TX,Plano,110635.0,110635.0,110635.0
MARKIT NORTH AMERICA,"Markit North America, Inc.",1,1,FY2026Q1,no,15-1252,Software Developers,NY,New York,127000.0,127000.0,127000.0
MARS IT SOFTWARE SOLUTIONS,Mars IT Software Solutions LLC,1,1,FY2026Q1,no,15-1252,Software Developers,NJ,Edison,114400.0,114400.0,114400.0
MARVEL TECH GROUPS,Marvel Tech Groups Inc,1,1,FY2026Q1,no,15-1252,Software Developers,VA,Falls Church,101500.0,101500.0,101500.0
MASTEC SERVICES COMPANY,"MASTEC  SERVICES COMPANY, INC",1,1,FY2026Q1,no,15-1252,Software Developers,PA,KING OF PRUSSIA,105317.0,105317.0,105317.0
MATIC ROBOTS,"Matic Robots, Inc.",1,1,FY2026Q1,no,15-1252,Software Developers,CA,Mountain View,150000.0,150000.0,150000.0
MAVLRA CORPORATION,Mavlra Corporation,1,1,FY2026Q1,no,15-1252,Software Developers,NV,Las Vegas,85280.0,85280.0,85280.0
MAXPEP,MAXPEP LLC,1,1,FY2026Q1,no,15-1252,Software Developers,DE,Wilmington,101500.0,101500.0,101500.0
MAYAPRO,MayaPro LLC,1,1,FY2026Q1,no,15-1252,Software Developers,TX,Austin,90355.0,90355.0,90355.0
MB IT ASSOCIATES,"MB IT Associates, LLC",1,1,FY2026Q1,no,15-1252,Software Developers,MA,Boston,107557.0,107557.0,107557.0
MCKESSON CORPORATION,McKesson Corporation,1,1,FY2026Q1,no,15-1252,Software Developers,KS,Overland Park,104224.0,104224.0,104224.0
MCPHS UNIVERSITY,MCPHS University,1,1,FY2026Q1,no,15-1252,Software Developers,MA,Boston,132722.0,132722.0,132722.0
MEMORIAL SLOAN KETTERING CANCER CENTER,Memorial Sloan Kettering Cancer Center,1,1,FY2026Q1,no,15-1252,Software Developers,NY,New York,100000.0,100000.0,100000.0
MG SOFTWARE CONSULTANTS,MG Software Consultants Inc,1,1,FY2026Q1,no,15-1252,Software Developers,MI,Canton,84053.0,84053.0,84053.0
MIDWEST GLOBAL SOLUTIONS,Midwest Global Solutions LLC,1,1,FY2026Q1,no,15-1252,Software Developers,NE,Omaha,86000.0,86000.0,86000.0
MILLENNIUM SOFTWARE,"Millennium Software, Inc.",1,1,FY2026Q1,no,15-1252,Software Developers,TX,San Antonio,101525.0,101525.0,101525.0
MITCHELL INTERNATIONAL,MITCHELL INTERNATIONAL INC.,1,1,FY2026Q1,no,15-1252,Software Developers,TX,McKinney,91000.0,91000.0,91000.0
MIZUHO AMERICAS SERVICES,Mizuho Americas Services LLC,1,1,FY2026Q1,no,15-1252,Software Developers,TX,Dallas,129000.0,129000.0,129000.0
MODERNIZING MEDICINE,"Modernizing Medicine, Inc.",1,1,FY2026Q1,no,15-1252,Software Developers,FL,Boca Raton,90000.0,90000.0,90000.0
MOODY S ANALYTICS,"Moody's Analytics, Inc.",1,1,FY2026Q1,no,15-1252,Software Developers,CA,Newark,159271.0,159271.0,159271.0
MOTIVE TECHNOLOGIES,"Motive Technologies, Inc.",1,1,FY2026Q1,no,15-1252,Software Developers,CA,San Francisco,172000.0,172000.0,172000.0
MOXIE SYSTEMS,"Moxie Systems, Inc.",1,1,FY2026Q1,no,15-1252,Software Developers,PA,Exton,125000.0,125000.0,125000.0
MPULSE MOBILE,"mPulse Mobile, Inc.",1,1,FY2026Q1,no,15-1252,Software Developers,CA,San Mateo,149365.0,149365.0,149365.0
MTSS GROUP,MTSS Group Inc,1,1,FY2026Q1,no,15-1252,Software Developers,NJ,Montvale,116480.0,116480.0,116480.0
MWIDM,"MWIDM, INC.",1,1,FY2026Q1,no,15-1252,Software Developers,DC,Washington,115000.0,115000.0,115000.0
MYTHICS,"Mythics, LLC",1,1,FY2026Q1,no,15-1252,Software Developers,IL,Elgin,85467.0,85467.0,85467.0
N5 SENSORS,"N5 Sensors, Inc.",1,1,FY2026Q1,no,15-1252,Software Developers,MN,Corcoran,110000.0,110000.0,110000.0
NANOSOFT TECHNOLOGIES,"Nanosoft Technologies, Inc.",1,1,FY2026Q1,no,15-1252,Software Developers,IL,Oak Brook,85467.0,85467.0,85467.0
NATIONAL OILWELL VARCO L P,"National Oilwell Varco, L..P",1,1,FY2026Q1,no,15-1252,Software Developers,TX,Houston,127809.0,127809.0,127809.0
NAVISIONTECH,NAVISIONTECH INC,1,1,FY2026Q1,no,15-1252,Software Developers,FL,Sarasota,80080.0,80080.0,80080.0
NAVITAS BUSINESS CONSULTING,Navitas Business Consulting Inc.,1,1,FY2026Q1,no,15-1252,Software Developers,VA,Herndon,110000.0,110000.0,110000.0
NETFLIX,"Netflix, Inc.",1,1,FY2026Q1,no,15-1252,Software Developers,CA,Los Gatos,149365.0,149365.0,149365.0
NEURASOL,"NEURASOL, INC.",1,1,FY2026Q1,no,15-1252,Software Developers,TX,PLANO,99000.0,99000.0,99000.0
NEW CIBO VITA,New Cibo Vita LLC,1,1,FY2026Q1,no,15-1252,Software Developers,NJ,Totowa,103210.0,103210.0,103210.0
NEW JERSEY TECH SYSTEMS,"NEW JERSEY TECH SYSTEMS, LLC.",1,1,FY2026Q1,no,15-1252,Software Developers,NJ,HAMILTON TOWNSHIP,86320.0,86320.0,86320.0
NEW MEXICO STATE UNIVERSITY,New Mexico State University,1,1,FY2026Q1,no,15-1252,Software Developers,NM,Las Cruces,63861.0,63861.0,63861.0
NEXT GEN SOFTWARE SOLUTIONS,Next Gen Software Solutions LLC,1,1,FY2026Q1,no,15-1252,Software Developers,DE,Wilmington,104000.0,104000.0,104000.0
NEXTGEN SOLUTIONS,Nextgen Solutions Inc,1,1,FY2026Q1,no,15-1252,Software Developers,TN,Memphis,98738.0,98738.0,98738.0
NHN GLOBAL,"NHN Global, Inc.",1,1,FY2026Q1,no,15-1252,Software Developers,CA,Los Angeles,105000.0,105000.0,105000.0
NICOYA HEALTH,Nicoya Health LLC,1,1,FY2026Q1,no,15-1252,Software Developers,GA,Atlanta,95000.0,95000.0,95000.0
NORTECH NORTH AMERICA,Nortech North America Inc.,1,1,FY2026Q1,no,15-1252,Software Developers,TX,Irving,100000.0,100000.0,100000.0
NORTHWESTERN UNIVERSITY,Northwestern University,1,1,FY2026Q1,no,15-1252,Software Developers,IL,Evanston,93204.0,93204.0,93204.0
NOTION LABS,"Notion Labs, Inc.",1,1,FY2026Q1,no,15-1252,Software Developers,CA,San Francisco,220000.0,220000.0,220000.0
NOVOS SOLUTIONS,Novos Solutions LLC,1,1,FY2026Q1,no,15-1252,Software Developers,WA,Issaquah,118000.0,118000.0,118000.0
NOWCOM,"Nowcom, LLC",1,1,FY2026Q1,no,15-1252,Software Developers,CA,Marina Del Ray,102232.0,102232.0,102232.0
NUBE9,Nube9 LLC,1,1,FY2026Q1,no,15-1252,Software Developers,WA,Bothell,118000.0,118000.0,118000.0
NURO,"Nuro, Inc",1,1,FY2026Q1,no,15-1252,Software Developers,CA,Mountain View,185000.0,185000.0,185000.0
OHIO FARMERS INSURANCE COMPANY,Ohio Farmers Insurance Company,1,1,FY2026Q1,no,15-1252,Software Developers,OH,Westfield Center,91155.0,91155.0,91155.0
OIAE SYSTEMS,OIAE SYSTEMS LLC.,1,1,FY2026Q1,no,15-1252,Software Developers,FL,ORLANDO,80000.0,80000.0,80000.0
OKLAHOMA BLOOD INSTITUTE,Oklahoma Blood Institute,1,1,FY2026Q1,no,15-1252,Software Developers,OK,Oklahoma City,84674.0,84674.0,84674.0
OPEN WATER INTERNET,"Open Water Internet, Inc",1,1,FY2026Q1,no,15-1252,Software Developers,CA,San Francisco,160000.0,160000.0,160000.0
OPENGOV,"OpenGov, Inc.",1,1,FY2026Q1,no,15-1252,Software Developers,GA,Atlanta,87859.0,87859.0,87859.0
OPSERA,OpsERA Inc,1,1,FY2026Q1,no,15-1252,Software Developers,MI,Novi,130000.0,130000.0,130000.0
ORA APPS,Ora Apps Inc,1,1,FY2026Q1,no,15-1252,Software Developers,NJ,Middletown,103210.0,103210.0,103210.0
PALAYEKAR COMPANIES,Palayekar Companies Inc,1,1,FY2026Q1,no,15-1252,Software Developers,NV,Las Vegas,84490.0,84490.0,84490.0
PANASONIC CORPORATION OF NORTH AMERICA PNA,Panasonic Corporation of North America (PNA),1,1,FY2026Q1,no,15-1252,Software Developers,NJ,Newark,115000.0,115000.0,115000.0
PARRK ANALYTICS,PARRK ANALYTICS LLC,1,1,FY2026Q1,no,15-1252,Software Developers,GA,DULUTH,87859.0,87859.0,87859.0
PAYDEN RYGEL,Payden & Rygel,1,1,FY2026Q1,no,15-1252,Software Developers,CA,Los Angeles,102500.0,102500.0,102500.0
PAYROC WORLDACCESS,"Payroc WorldAccess, LLC",1,1,FY2026Q1,no,15-1252,Software Developers,MA,Brookline,107557.0,107557.0,107557.0
PCI ENERGY SOLUTIONS,PCI Energy Solutions,1,1,FY2026Q1,no,15-1252,Software Developers,TX,McKinney,110000.0,110000.0,110000.0
PDI TECHNOLOGIES,"PDI Technologies, Inc.",1,1,FY2026Q1,no,15-1252,Software Developers,WA,Bothell,122300.0,122300.0,122300.0
PEPON,Pepon Inc.,1,1,FY2026Q1,no,15-1252,Software Developers,AZ,Phoenix,90355.0,90355.0,90355.0
PEREGRINE TECHNOLOGIES,"Peregrine Technologies, Inc.",1,1,FY2026Q1,no,15-1252,Software Developers,NY,New York,130000.0,130000.0,130000.0
PERFORMANCE CONTRACTORS,"Performance Contractors, Inc.",1,1,FY2026Q1,no,15-1252,Software Developers,NC,Charlotte,91291.0,91291.0,91291.0
PHASORSOFT GROUP,PHASORSOFT GROUP LLC,1,1,FY2026Q1,no,15-1252,Software Developers,UT,SANDY,85280.0,85280.0,85280.0
PHOTON INFOTECH,"PHOTON INFOTECH, INC.",1,1,FY2026Q1,no,15-1252,Software Developers,VA,VIRGINIA BEACH,93000.0,93000.0,93000.0
PHYSICIAN TECHNOLOGY PARTNERS,"Physician Technology Partners, LLC",1,1,FY2026Q1,no,15-1252,Software Developers,TX,Austin,90355.0,90355.0,90355.0
PI SQUARE TECHNOLOGIES,Pi Square Technologies LLC,1,1,FY2026Q1,no,15-1252,Software Developers,WA,Sultan,118000.0,118000.0,118000.0
PISTOS IT SERVICES,Pistos It Services LLC,1,1,FY2026Q1,no,15-1252,Software Developers,VA,Ashburn,101421.0,101421.0,101421.0
PLOCCA,"Plocca, Inc.",1,1,FY2026Q1,no,15-1252,Software Developers,CA,San Francisco,135699.0,135699.0,135699.0
PLUTUS NONPROFIT SOLUTIONS,"PLUTUS NONPROFIT SOLUTIONS, LLC",1,1,FY2026Q1,no,15-1252,Software Developers,TX,Celina,90896.0,90896.0,90896.0
POSEIDON AI,Poseidon AI Inc.,1,1,FY2026Q1,no,15-1252,Software Developers,CA,Palo Alto,155000.0,155000.0,155000.0
PREMERA BLUE CROSS,PREMERA BLUE CROSS,1,1,FY2026Q1,no,15-1252,Software Developers,WA,Mountlake Terrace,137000.0,137000.0,137000.0
PRISTEN IT SYSTEMS,PRISTEN IT SYSTEMS INC,1,1,FY2026Q1,no,15-1252,Software Developers,NC,CHARLOTTE,91291.0,91291.0,91291.0
PROCORP SYSTEMS,"Procorp Systems, Inc",1,1,FY2026Q1,no,15-1252,Software Developers,TX,Irving,90912.0,90912.0,90912.0
PROMETHEUS COMPUTING,Prometheus Computing LLC,1,1,FY2026Q1,no,15-1252,Software Developers,MD,Gaithersburg,110000.0,110000.0,110000.0
PROPHECY CONSULTING,Prophecy Consulting Inc,1,1,FY2026Q1,no,15-1252,Software Developers,TX,San Antonio,90000.0,90000.0,90000.0
PROSEK,Prosek LLC,1,1,FY2026Q1,no,15-1252,Software Developers,NY,New York,118500.0,118500.0,118500.0
PROTON AL NAJM,PROTON AL NAJM LLC,1,1,FY2026Q1,no,15-1252,Software Developers,AZ,PHOENIX,88000.0,88000.0,88000.0
PROVIDENZ,PROVIDENZ LLC,1,1,FY2026Q1,no,15-1252,Software Developers,MD,Linthicum Heights,93500.0,93500.0,93500.0
PROXIMA IT SOLUTIONS,Proxima IT Solutions LLC,1,1,FY2026Q1,no,15-1252,Software Developers,TX,Plano,90900.0,90900.0,90900.0
PURE STORAGE,"PURE STORAGE, INC.",1,1,FY2026Q1,no,15-1252,Software Developers,CA,Santa Clara,180000.0,180000.0,180000.0
PYTHONWISE,Pythonwise Inc.,1,1,FY2026Q1,no,15-1252,Software Developers,AZ,Scottsdale,87651.0,87651.0,87651.0
QLADMIN SOLUTIONS,"QLAdmin Solutions, Inc.",1,1,FY2026Q1,no,15-1252,Software Developers,TX,Georgetown,103500.0,103500.0,103500.0
QSOURCE GROUP,Qsource Group Inc,1,1,FY2026Q1,no,15-1252,Software Developers,TX,Cypress,90896.0,90896.0,90896.0
QUAD IT,"Quad IT, Inc.",1,1,FY2026Q1,no,15-1252,Software Developers,SC,Fort Mill,91291.0,91291.0,91291.0
QUALISOFT CORPORATION,Qualisoft Corporation,1,1,FY2026Q1,no,15-1252,Software Developers,MA,North Quincy,107557.0,107557.0,107557.0
QUALITY CONSULTING,"Quality Consulting, Inc.",1,1,FY2026Q1,no,15-1252,Software Developers,TX,Georgetown,106600.0,106600.0,106600.0
QUALITY COUNTS,"Quality Counts, LLC",1,1,FY2026Q1,no,15-1252,Software Developers,FL,Sanford,88875.0,88875.0,88875.0
QUANTBASE INVESTMENTS,"Quantbase Investments, Inc",1,1,FY2026Q1,no,15-1252,Software Developers,NY,New York,130000.0,130000.0,130000.0
QUANTUMSOFT SOLUTIONS,Quantumsoft Solutions Inc,1,1,FY2026Q1,no,15-1252,Software Developers,CT,STAMFORD,101920.0,101920.0,101920.0
QUBER,"Quber, Inc.",1,1,FY2026Q1,no,15-1252,Software Developers,GA,Buford,89440.0,89440.0,89440.0
QUICKBASE,"QuickBase, Inc.",1,1,FY2026Q1,no,15-1252,Software Developers,NY,Troy,129500.0,129500.0,129500.0
QUINSTREET,"QuinStreet, Inc.",1,1,FY2026Q1,no,15-1252,Software Developers,CO,Aurora,137906.0,137906.0,137906.0
R L CARRIERS SHARED SERVICES L L C,"R&L Carriers Shared Services, L.L.C.",1,1,FY2026Q1,no,15-1252,Software Developers,CA,San Jose,149365.0,149365.0,149365.0
RACEDOG LIMITED,RACEDOG LIMITED,1,1,FY2026Q1,no,15-1252,Software Developers,NV,LAS VEGAS,95000.0,95000.0,95000.0
RADCOM SOFTWARE SERVICES,"RADCOM SOFTWARE SERVICES, LLC.",1,1,FY2026Q1,no,15-1252,Software Developers,TX,AUSTIN,90355.0,90355.0,90355.0
RAMITSTAFFING,RamITStaffing Inc,1,1,FY2026Q1,no,15-1252,Software Developers,IL,Naperville,85467.0,85467.0,85467.0
RAPS CONSULTING,RAPS Consulting Inc,1,1,FY2026Q1,no,15-1252,Software Developers,TX,San Antonio,85446.0,85446.0,85446.0
RED CUBE PRODUCTION,"Red Cube Production, Inc.",1,1,FY2026Q1,no,15-1252,Software Developers,CA,Newark,135699.0,135699.0,135699.0
REDBUD TECHNOLOGIES,Redbud Technologies Inc,1,1,FY2026Q1,no,15-1252,Software Developers,TX,Plano,90896.0,90896.0,90896.0
REI SYSTEMS,REI Systems Inc.,1,1,FY2026Q1,no,15-1252,Software Developers,PA,Malvern,106487.0,106487.0,106487.0
REINFORCE LABS,Reinforce Labs Inc.,1,1,FY2026Q1,no,15-1252,Software Developers,CA,Palo Alto,175000.0,175000.0,175000.0
RELIANT VISION GROUP,RELIANT VISION GROUP INC.,1,1,FY2026Q1,no,15-1252,Software Developers,TX,AUSTIN,90355.0,90355.0,90355.0
RELYCOM,RELYCOM INC,1,1,FY2026Q1,no,15-1252,Software Developers,UT,Lehi,90000.0,90000.0,90000.0
RESEARCH DATA AND COMMUNICATION TECHNOLOGIES BENEFIT CORPORATION,Research Data and Communication Technologies Benefit Corporation,1,1,FY2026Q1,no,15-1252,Software Developers,MD,Rockville,101421.0,101421.0,101421.0
RESOLVE TECH SOLUTIONS,Resolve Tech Solutions LLC,1,1,FY2026Q1,no,15-1252,Software Developers,TX,IRVING,100000.0,100000.0,100000.0
RESOURCE INNOVATIVE TECHNOLOGIES,RESOURCE INNOVATIVE TECHNOLOGIES LLC,1,1,FY2026Q1,no,15-1252,Software Developers,MD,BETHESDA,106000.0,106000.0,106000.0
RHOMBUS POWER,"Rhombus Power, Inc.",1,1,FY2026Q1,no,15-1252,Software Developers,CA,Palo Alto,149365.0,149365.0,149365.0
RITE CODE TECHNOLOGIES,RITE CODE TECHNOLOGIES INC.,1,1,FY2026Q1,no,15-1252,Software Developers,VA,MC LEAN,101500.0,101500.0,101500.0
RIVIAN,"RIVIAN, LLC",1,1,FY2026Q1,no,15-1252,Software Developers,CA,Palo Alto,154130.0,154130.0,154130.0
RIVIANT,RIVIANT INC,1,1,FY2026Q1,no,15-1252,Software Developers,TX,Irving,91520.0,91520.0,91520.0
ROBINHOOD MARKETS,"Robinhood Markets, Inc.",1,1,FY2026Q1,no,15-1252,Software Developers,CA,Menlo Park,157000.0,157000.0,157000.0
ROBOT INSIGHT TECHNOLOGIES,ROBOT INSIGHT TECHNOLOGIES INC,1,1,FY2026Q1,no,15-1252,Software Developers,IL,ROLLING MEADOWS,85467.0,85467.0,85467.0
ROBOTICS TECHNOLOGIES,ROBOTICS TECHNOLOGIES LLC,1,1,FY2026Q1,no,15-1252,Software Developers,NY,NEW YORK,103210.0,103210.0,103210.0
ROCKET LIMITED PARTNERSHIP,Rocket Limited Partnership,1,1,FY2026Q1,no,15-1252,Software Developers,MI,Detroit,85000.0,85000.0,85000.0
ROKT US,Rokt US Corp.,1,1,FY2026Q1,no,15-1252,Software Developers,CA,San Francisco,135699.0,135699.0,135699.0
RUBIK SYSTEMS,Rubik Systems LLC,1,1,FY2026Q1,no,15-1252,Software Developers,AZ,Phoenix,96000.0,96000.0,96000.0
RUBRIK,"Rubrik, Inc.",1,1,FY2026Q1,no,15-1252,Software Developers,CA,Palo Alto,160000.0,160000.0,160000.0
RURI SOFTWARE TECHNOLOGIES,Ruri Software Technologies LLC,1,1,FY2026Q1,no,15-1252,Software Developers,FL,Temple Terrace,78374.0,78374.0,78374.0
RVY TECH,RVY Tech LLC,1,1,FY2026Q1,no,15-1252,Software Developers,TX,Irving,91000.0,91000.0,91000.0
S9 TECHNOLOGIES,S9 Technologies Inc,1,1,FY2026Q1,no,15-1252,Software Developers,GA,Alpharetta,92500.0,92500.0,92500.0
SAATCHI ONLINE,Saatchi Online Inc.,1,1,FY2026Q1,no,15-1252,Software Developers,CA,Los Angeles,117500.0,117500.0,117500.0
SAI BUSINESS SOLUTIONS,"SAI Business Solutions, LLC",1,1,FY2026Q1,no,15-1252,Software Developers,TX,Houston,84094.0,84094.0,84094.0
SAMSARA,Samsara Inc.,1,1,FY2026Q1,no,15-1252,Software Developers,WA,Seattle,117749.0,117749.0,117749.0
SARA SOFTWARE SYSTEMS,Sara Software Systems LLC,1,1,FY2026Q1,no,15-1252,Software Developers,MI,Troy,102190.0,102190.0,102190.0
SATURN TECH,Saturn Tech LLC,1,1,FY2026Q1,no,15-1252,Software Developers,MA,Hingham,120000.0,120000.0,120000.0
SCADEA SOLUTIONS,"SCADEA SOLUTIONS, INC.",1,1,FY2026Q1,no,15-1252,Software Developers,TX,IRVING,90912.0,90912.0,90912.0
SCALEFLUX,"SCALEFLUX, INC.",1,1,FY2026Q1,no,15-1252,Software Developers,CA,Milpitas,149365.0,149365.0,149365.0
SCHEDULING INSTITUTE,"Scheduling Institute, Inc.",1,1,FY2026Q1,no,15-1252,Software Developers,GA,Alpharetta,93600.0,93600.0,93600.0
SCHLAGE LOCK COMPANY,Schlage Lock Company LLC,1,1,FY2026Q1,no,15-1252,Software Developers,CO,Golden,105000.0,105000.0,105000.0
SCI SHARED RESOURCES,"SCI Shared Resources, LLC",1,1,FY2026Q1,no,15-1252,Software Developers,TX,Houston,84094.0,84094.0,84094.0
SENA INFO TECHNOLOGIES,"SENA INFO TECHNOLOGIES, INC.",1,1,FY2026Q1,no,15-1252,Software Developers,TX,RICHARDSON,90896.0,90896.0,90896.0
SHANUDT IT SOLUTIONS,ShanuDT IT Solutions INC,1,1,FY2026Q1,no,15-1252,Software Developers,TX,Liberty Hill,90355.0,90355.0,90355.0
SHARP DECISIONS,"Sharp Decisions, Inc.",1,1,FY2026Q1,no,15-1252,Software Developers,CA,Torrance,115000.0,115000.0,115000.0
SHARPEDGE SOLUTIONS,Sharpedge Solutions Inc,1,1,FY2026Q1,no,15-1252,Software Developers,MA,Milford,100000.0,100000.0,100000.0
SHERPA ANALYTICS,Sherpa Analytics Inc,1,1,FY2026Q1,no,15-1252,Software Developers,NY,Buffalo,81000.0,81000.0,81000.0
SHIPT,"Shipt, Inc.",1,1,FY2026Q1,no,15-1252,Software Developers,CA,San Francisco,135699.0,135699.0,135699.0
SHURE INCORPORATED,Shure Incorporated,1,1,FY2026Q1,no,15-1252,Software Developers,IL,Niles,111988.0,111988.0,111988.0
SIALINK SYSTEMS,SIALINK SYSTEMS LLC,1,1,FY2026Q1,no,15-1252,Software Developers,WA,Lake Stevens,117749.0,117749.0,117749.0
SIGMA RESOURCES,Sigma Resources LLC,1,1,FY2026Q1,no,15-1252,Software Developers,TX,Fort Worth,90896.0,90896.0,90896.0
SILICON SPECTRA,"Silicon Spectra, Inc.",1,1,FY2026Q1,no,15-1252,Software Developers,TX,Dallas,149365.0,149365.0,149365.0
SIMARN,Simarn LLC,1,1,FY2026Q1,no,15-1252,Software Developers,CA,Mountain View,149365.0,149365.0,149365.0
SIMFORGE,"SimForge, Inc",1,1,FY2026Q1,no,15-1252,Software Developers,CA,SANTA ROSA,100800.0,100800.0,100800.0
SIRA CONSULTING,"SIRA Consulting, Inc.",1,1,FY2026Q1,no,15-1252,Software Developers,NY,New York,103210.0,103210.0,103210.0
SIRI SOFTWARE SOLUTIONS,SIRI SOFTWARE SOLUTIONS LLC,1,1,FY2026Q1,no,15-1252,Software Developers,VA,McLean,101421.0,101421.0,101421.0
SKIENCE,Skience LLC,1,1,FY2026Q1,no,15-1252,Software Developers,VA,Ashburn,101421.0,101421.0,101421.0
SKILLBODHI,"Skillbodhi, LLC.",1,1,FY2026Q1,no,15-1252,Software Developers,PA,CHADDS FORD,88088.0,88088.0,88088.0
SLESHA IT,Slesha IT Inc,1,1,FY2026Q1,no,15-1252,Software Developers,CA,MOUNTAIN HOUSE,90438.0,90438.0,90438.0
SLESHA IT SOLUTIONS,Slesha IT Solutions Inc,1,1,FY2026Q1,no,15-1252,Software Developers,AZ,PHOENIX,87651.0,87651.0,87651.0
SLIQ INFORMATION TECHNOLOGIES,"SLIQ INFORMATION TECHNOLOGIES, INC.",1,1,FY2026Q1,no,15-1252,Software Developers,AZ,Scottsdale,87651.0,87651.0,87651.0
SLRI SOLUTIONS,"SLRI SOLUTIONS, LLC",1,1,FY2026Q1,no,15-1252,Software Developers,TX,Katy,84094.0,84094.0,84094.0
SMACFORCE CONSULTING,SMACFORCE CONSULTING LLC,1,1,FY2026Q1,no,15-1252,Software Developers,MD,Rockville,102500.0,102500.0,102500.0
SMARTON SOLUTIONS,Smarton Solutions Inc,1,1,FY2026Q1,no,15-1252,Software Developers,MA,Quincy,107557.0,107557.0,107557.0
SNP TRANSFORMATIONS,"SNP Transformations, Inc.",1,1,FY2026Q1,no,15-1252,Software Developers,NJ,New Jersey,115918.0,115918.0,115918.0
SOFTCOM,"SOFTCOM, INC.",1,1,FY2026Q1,no,15-1252,Software Developers,TX,Plano,90896.0,90896.0,90896.0
SOFTOVAINC,SOFTOVAINC,1,1,FY2026Q1,no,15-1252,Software Developers,VA,RICHMOND,,,
SOFTPATH SYSTEMS,SOFTPATH SYSTEMS INC,1,1,FY2026Q1,no,15-1252,Software Developers,TX,AUBREY,90896.0,90896.0,90896.0
SOFTQUIP TECHNOLOGIES,SoftQuip Technologies Inc,1,1,FY2026Q1,no,15-1252,Software Developers,TX,Irving,90896.0,90896.0,90896.0
SOFTTHINK SOLUTIONS,Softthink Solutions Inc,1,1,FY2026Q1,no,15-1252,Software Developers,VA,Leesburg,110240.0,110240.0,110240.0
SOFTWARE BLOC,Software Bloc LLC,1,1,FY2026Q1,no,15-1252,Software Developers,PA,Conshohocken,90000.0,90000.0,90000.0
SOL IT SYSTEMS,SOL IT SYSTEMS INC,1,1,FY2026Q1,no,15-1252,Software Developers,TX,IRVING,90896.0,90896.0,90896.0
SONIKS CONSULTING,Soniks Consulting LLC,1,1,FY2026Q1,no,15-1252,Software Developers,VA,Herndon,101421.0,101421.0,101421.0
SOURCE CONSULTING,"Source Consulting, LLC",1,1,FY2026Q1,no,15-1252,Software Developers,TX,Austin,90376.0,90376.0,90376.0
SPECIALIST RESOURCES GLOBAL,"Specialist Resources Global, Inc.",1,1,FY2026Q1,no,15-1252,Software Developers,VA,Chantilly,126090.0,126090.0,126090.0
SPECIFIC DIAGNOSTICS,Specific Diagnostics LLC,1,1,FY2026Q1,no,15-1252,Software Developers,CA,San Jose,149365.0,149365.0,149365.0
SPEED XPRESS,"Speed Xpress, Inc.",1,1,FY2026Q1,no,15-1252,Software Developers,NY,New Hyde Park,103210.0,103210.0,103210.0
SPOTLINE,"Spotline, Inc.",1,1,FY2026Q1,no,15-1252,Software Developers,CA,Pleasanton,155605.0,155605.0,155605.0
SPOTNANA TECHNOLOGY,"Spotnana Technology, Inc.",1,1,FY2026Q1,no,15-1252,Software Developers,CA,Palo Alto,162500.0,162500.0,162500.0
SPRUCE TECHNOLOGY,SPRUCE TECHNOLOGY INC.,1,1,FY2026Q1,no,15-1252,Software Developers,NJ,Clifton,122500.0,122500.0,122500.0
SQUIZ,Squiz Inc.,1,1,FY2026Q1,no,15-1252,Software Developers,NY,New York,103210.0,103210.0,103210.0
SRI DATA TECHNOLOGIES,Sri Data Technologies LLC,1,1,FY2026Q1,no,15-1252,Software Developers,IL,Wheeling,90896.0,90896.0,90896.0
SRINI SOFT SYSTEMS,SRINI SOFT SYSTEMS INC,1,1,FY2026Q1,no,15-1252,Software Developers,VA,MCLEAN,101421.0,101421.0,101421.0
SRIPADHA,"Sripadha Inc,",1,1,FY2026Q1,no,15-1252,Software Developers,SC,Columbia,93600.0,93600.0,93600.0
SRIVEN SYSTEMS,Sriven Systems Inc,1,1,FY2026Q1,no,15-1252,Software Developers,CA,Sunnyvale,149365.0,149365.0,149365.0
STACKLOGY,STACKLOGY INC,1,1,FY2026Q1,no,15-1252,Software Developers,TX,PLANO,90896.0,90896.0,90896.0
STAFFWORXS,STAFFWORXS LLC,1,1,FY2026Q1,no,15-1252,Software Developers,NC,CHARLOTTE,91291.0,91291.0,91291.0
STANDING STONE,"STANDING STONE, LLC",1,1,FY2026Q1,no,15-1252,Software Developers,CA,LIVERMORE,135700.0,135700.0,135700.0
STAPLES,"Staples, Inc.",1,1,FY2026Q1,no,15-1252,Software Developers,TX,Austin,122637.0,122637.0,122637.0
STREAMLINE HEALTHCARE SOLUTIONS,Streamline Healthcare Solutions LLC,1,1,FY2026Q1,no,15-1252,Software Developers,MI,Kalamazoo,85467.0,85467.0,85467.0
STRETTO,"Stretto, Inc.",1,1,FY2026Q1,no,15-1252,Software Developers,CA,Irvine,102232.0,102232.0,102232.0
SUBURBAN PROPANE PARTNERS L P,"SUBURBAN PROPANE PARTNERS, L.P.",1,1,FY2026Q1,no,15-1252,Software Developers,NJ,WHIPPANY,117250.0,117250.0,117250.0
SUMERU TECHNOLOGIES,SUMERU TECHNOLOGIES LLC,1,1,FY2026Q1,no,15-1252,Software Developers,TX,Houston,86000.0,86000.0,86000.0
SUN SHINE IT TECHONOLOGIES,SUN SHINE IT TECHONOLOGIES LLC,1,1,FY2026Q1,no,15-1252,Software Developers,NC,Charlotte,189885280.0,189885280.0,189885280.0
SUPERIOR INFORMATION TECHNOLOGIES,"Superior Information Technologies, LLC",1,1,FY2026Q1,no,15-1252,Software Developers,DE,Dover,89250.0,89250.0,89250.0
SUPERLOGIX,SUPERLOGIX INC,1,1,FY2026Q1,no,15-1252,Software Developers,AZ,Phoenix,87700.0,87700.0,87700.0
SUV SOLUTIONS,SUV Solutions Inc,1,1,FY2026Q1,no,15-1252,Software Developers,NC,Charlotte,91500.0,91500.0,91500.0
SYLPHAI,"SylphAI, Inc.",1,1,FY2026Q1,no,15-1252,Software Developers,CA,San Francisco,140000.0,140000.0,140000.0
SYNDIGO,Syndigo LLC,1,1,FY2026Q1,no,15-1252,Software Developers,IL,Chicago,100000.0,100000.0,100000.0
SYNERGYASSURE,"Synergyassure, Inc",1,1,FY2026Q1,no,15-1252,Software Developers,TX,GRAPEVINE,91000.0,91000.0,91000.0
SYNTHETIXAI,SYNTHETIXAI  INC,1,1,FY2026Q1,no,15-1252,Software Developers,TX,IRVING,92000.0,92000.0,92000.0
SYSINTELLI,Sysintelli Inc.,1,1,FY2026Q1,no,15-1252,Software Developers,NH,NASHUA,103000.0,103000.0,103000.0
SYSTEM EDGE USA,"SYSTEM EDGE USA, LLC.",1,1,FY2026Q1,no,15-1252,Software Developers,NJ,PISCATAWAY,105000.0,105000.0,105000.0
TACHYON TECHNOLOGIES,Tachyon Technologies LLC,1,1,FY2026Q1,no,15-1252,Software Developers,NJ,Raritan,103210.0,103210.0,103210.0
TAITCONSULTINGGROUP,TAITConsultingGroup LLC,1,1,FY2026Q1,no,15-1252,Software Developers,DE,Wilmington,88088.0,88088.0,88088.0
TALENTEER,"Talenteer, Inc.",1,1,FY2026Q1,no,15-1252,Software Developers,TX,Dallas,90896.0,90896.0,90896.0
TAP AI,Tap AI INC.,1,1,FY2026Q1,no,15-1252,Software Developers,CA,Palo Alto,180000.0,180000.0,180000.0
TECH GENIUS,Tech Genius Inc,1,1,FY2026Q1,no,15-1252,Software Developers,AZ,Phoenix,87651.0,87651.0,87651.0
TECH INFO SERVICES,Tech Info Services Inc,1,1,FY2026Q1,no,15-1252,Software Developers,VA,STERLING,101421.0,101421.0,101421.0
TECH NET,Tech-Net Inc.,1,1,FY2026Q1,no,15-1252,Software Developers,CA,Sacramento,100090.0,100090.0,100090.0
TECHALPHA,TechAlpha LLC,1,1,FY2026Q1,no,15-1252,Software Developers,AZ,Phoenix,87651.0,87651.0,87651.0
TECHMETRO,TechMetro LLC,1,1,FY2026Q1,no,15-1252,Software Developers,TX,Tomball,84094.0,84094.0,84094.0
TECHNODEED,TECHNODEED LLC,1,1,FY2026Q1,no,15-1252,Software Developers,TX,IRVING,90896.0,90896.0,90896.0
TECHNOFIX IT SOLUTIONS,Technofix IT Solutions LLC,1,1,FY2026Q1,no,15-1252,Software Developers,TX,Cedar Park,91000.0,91000.0,91000.0
TECHNOLANCE IT SERVICES,"TECHNOLANCE IT SERVICES, LLC",1,1,FY2026Q1,no,15-1252,Software Developers,TX,Irving,90896.0,90896.0,90896.0
TECHNOLOGY SOLUTION PROVIDER,"Technology Solution Provider, Inc.",1,1,FY2026Q1,no,15-1252,Software Developers,GA,Sugar Hill,96218.0,96218.0,96218.0
TECHNOYON,Technoyon Inc.,1,1,FY2026Q1,no,15-1252,Software Developers,TX,Houston,90000.0,90000.0,90000.0
TECHNOYON INC FORMERLY KNOWN AS XCELLIGEN SYSTEMS,Technoyon Inc. formerly known as Xcelligen Systems Inc.,1,1,FY2026Q1,no,15-1252,Software Developers,VA,Ashburn,101421.0,101421.0,101421.0
TECHNUMEN,TECHNUMEN INC,1,1,FY2026Q1,no,15-1252,Software Developers,NJ,Morris Plains,103210.0,103210.0,103210.0
TECHQUEST SOLUTIONS,"TECHQUEST SOLUTIONS, LLC.",1,1,FY2026Q1,no,15-1252,Software Developers,VA,Mclean,101600.0,101600.0,101600.0
TEK GROVE,"Tek Grove, LLC",1,1,FY2026Q1,no,15-1252,Software Developers,TX,Plano,91000.0,91000.0,91000.0
TEKACCEL,Tekaccel Inc,1,1,FY2026Q1,no,15-1252,Software Developers,OH,Fairborn,82972.0,82972.0,82972.0
TEKBLU,TEKBLU LLC,1,1,FY2026Q1,no,15-1252,Software Developers,TX,AUSTIN,90355.0,90355.0,90355.0
TEKCOG,Tekcog Inc,1,1,FY2026Q1,no,15-1252,Software Developers,NY,New York,103210.0,103210.0,103210.0
TEKPLANT,"TEKPLANT, INC.",1,1,FY2026Q1,no,15-1252,Software Developers,NY,NEW YORK,103210.0,103210.0,103210.0
TELECOMGATEWAY,TELECOMGATEWAY LLC,1,1,FY2026Q1,no,15-1252,Software Developers,FL,Jacksonville,78000.0,78000.0,78000.0
TEREINA,Tereina LLC,1,1,FY2026Q1,no,15-1252,Software Developers,CA,Palo Alto,160000.0,160000.0,160000.0
TESLA,"Tesla, Inc.",1,1,FY2026Q1,no,15-1252,Software Developers,TX,Austin,104220.0,104220.0,104220.0
TESTSPRITE,TestSprite Inc.,1,1,FY2026Q1,no,15-1252,Software Developers,WA,Seattle,120000.0,120000.0,120000.0
TETRUS,Tetrus Corp.,1,1,FY2026Q1,no,15-1252,Software Developers,NJ,East Brunswick,120000.0,120000.0,120000.0
TEXANS IT SERVICES,"Texans IT Services, Inc.",1,1,FY2026Q1,no,15-1252,Software Developers,MD,Jessup,92955.0,92955.0,92955.0
TEXAS TECHNOLOGY GROUP,TEXAS TECHNOLOGY GROUP LLC,1,1,FY2026Q1,no,15-1252,Software Developers,IL,CHICAGO,85467.0,85467.0,85467.0
TEXPERTS,"TEXPERTS, INC.",1,1,FY2026Q1,no,15-1252,Software Developers,VA,Chantilly,101920.0,101920.0,101920.0
THE CHILDREN S HOSPITAL OF PHILADELPHIA,The Children's Hospital of Philadelphia,1,1,FY2026Q1,no,15-1252,Software Developers,PA,Philadelphia,74235.0,74235.0,74235.0
THE PRUDENTIAL INSURANCE COMPANY OF AMERICA,The Prudential Insurance Company of America,1,1,FY2026Q1,no,15-1252,Software Developers,NJ,Newark,105000.0,105000.0,105000.0
THE RELIABLE SOLUTIONS GROUP,The Reliable Solutions Group LLC,1,1,FY2026Q1,no,15-1252,Software Developers,GA,Atlanta,87859.0,87859.0,87859.0
THE SILICON PARTNERS,"The Silicon Partners, Inc.",1,1,FY2026Q1,no,15-1252,Software Developers,TX,Plano,90896.0,90896.0,90896.0
THE UNIVERSITY OF ARIZONA,The University of Arizona,1,1,FY2026Q1,no,15-1252,Software Developers,AZ,Tucson,101375.0,101375.0,101375.0
THE UNIVERSITY OF KANSAS,The University of Kansas,1,1,FY2026Q1,no,15-1252,Software Developers,KS,Lawrence,72800.0,72800.0,72800.0
THE UNIVERSITY OF SOUTHERN CALIFORNIA,The University of Southern California,1,1,FY2026Q1,no,15-1252,Software Developers,CA,Los Angeles,74152.0,74152.0,74152.0
THE UNIVERSITY OF TEXAS AT DALLAS,The University of Texas at Dallas,1,1,FY2026Q1,no,15-1252,Software Developers,TX,Richardson,67954.0,67954.0,67954.0
THINK LOGIC SYSTEMS,Think Logic Systems Inc,1,1,FY2026Q1,no,15-1252,Software Developers,MD,Baltimore,106080.0,106080.0,106080.0
THINKLUSIVE,"THINKLUSIVE, INC.",1,1,FY2026Q1,no,15-1252,Software Developers,NC,CHARLOTTE,91291.0,91291.0,91291.0
THOUGHT CIRCUITS SERVICES,Thought Circuits Services LLC,1,1,FY2026Q1,no,15-1252,Software Developers,NJ,Jersey City,103250.0,103250.0,103250.0
THREE HIERARCHS ACADEMY,"Three Hierarchs Academy, Inc.",1,1,FY2026Q1,no,15-1252,Software Developers,AZ,Florence,96000.0,96000.0,96000.0
TOLUNA USA,"Toluna USA, Inc.",1,1,FY2026Q1,no,15-1252,Software Developers,NH,Salem,107557.0,107557.0,107557.0
TONBO IO,Tonbo IO Inc.,1,1,FY2026Q1,no,15-1252,Software Developers,WA,Bellevue,127500.0,127500.0,127500.0
TOPTEKAI,TOPTEKAI INC,1,1,FY2026Q1,no,15-1252,Software Developers,TX,San Antonio,85446.0,85446.0,85446.0
TOTAL RESOURCE MANAGEMENT,"Total Resource Management, Inc.",1,1,FY2026Q1,no,15-1252,Software Developers,VA,Alexandria,149500.0,149500.0,149500.0
TOWER RESEARCH CAPITAL,Tower Research Capital LLC,1,1,FY2026Q1,no,15-1252,Software Developers,NY,New York,195000.0,195000.0,195000.0
TPA BENEFITS,"TPA BENEFITS, INC.",1,1,FY2026Q1,no,15-1252,Software Developers,TX,SAN ANTONIO,85446.0,85446.0,85446.0
TRACTOR SUPPLY COMPANY,Tractor Supply Company,1,1,FY2026Q1,no,15-1252,Software Developers,TN,Brentwood,84531.0,84531.0,84531.0
TRANSCARENT,"TRANSCARENT, INC.",1,1,FY2026Q1,no,15-1252,Software Developers,WA,SEATTLE,117749.0,117749.0,117749.0
TRANSCEND IT SOLUTIONS,"Transcend IT Solutions, LLC",1,1,FY2026Q1,no,15-1252,Software Developers,TX,Plano,90896.0,90896.0,90896.0
TRANSPERFECT TRANSLATIONS INTERNATIONAL,"TransPerfect Translations International, Inc.",1,1,FY2026Q1,no,15-1252,Software Developers,MA,Maynard,114479.0,114479.0,114479.0
TRAVEL LEADERS GROUP,"Travel Leaders Group, LLC",1,1,FY2026Q1,no,15-1252,Software Developers,NY,New York,103210.0,103210.0,103210.0
TRAVELPORT LP,Travelport LP,1,1,FY2026Q1,no,15-1252,Software Developers,CO,Denver,101200.0,101200.0,101200.0
TRIEDATA,"TRIEDATA, INC",1,1,FY2026Q1,no,15-1252,Software Developers,FL,ST. AUGUSTINE,76378.0,76378.0,76378.0
TRILOK SOFTWARE SOLUTIONS,Trilok Software Solutions LLC,1,1,FY2026Q1,no,15-1252,Software Developers,GA,Atlanta,88000.0,88000.0,88000.0
TRINITY CONSULTANTS,"Trinity Consultants, Inc.",1,1,FY2026Q1,no,15-1252,Software Developers,NY,New York,125307.0,125307.0,125307.0
TRIOPTUS,TriOptus LLC,1,1,FY2026Q1,no,15-1252,Software Developers,MO,O'Fallon,79040.0,79040.0,79040.0
TRIUMPH IT,Triumph IT Inc,1,1,FY2026Q1,no,15-1252,Software Developers,TX,DENTON,90896.0,90896.0,90896.0
TRUPANION MANAGERS USA,"Trupanion Managers USA, Inc.",1,1,FY2026Q1,no,15-1252,Software Developers,WA,Seattle,135000.0,135000.0,135000.0
TURNBERRY SOLUTIONS,"Turnberry Solutions, Inc.",1,1,FY2026Q1,no,15-1252,Software Developers,TX,Richardson,121411.0,121411.0,121411.0
TYLER TECHNOLOGIES,"Tyler Technologies, Inc.",1,1,FY2026Q1,no,15-1252,Software Developers,OH,Moraine,87125.0,87125.0,87125.0
U HAUL INTERNATIONAL,"U-Haul International, Inc.",1,1,FY2026Q1,no,15-1252,Software Developers,AZ,Phoenix,87651.0,87651.0,87651.0
U S ELECTRONICS,"U.S. Electronics, Inc",1,1,FY2026Q1,no,15-1252,Software Developers,MN,Minnetonka,101920.0,101920.0,101920.0
UNITED RENTALS,United Rentals Inc.,1,1,FY2026Q1,no,15-1252,Software Developers,AR,Bentonville,105000.0,105000.0,105000.0
UNITED SOLUTIONS,"United Solutions, LLC",1,1,FY2026Q1,no,15-1252,Software Developers,MD,North Bethesda,107500.0,107500.0,107500.0
UNITED TEKINFO HUB,UNITED TEKINFO HUB LLC,1,1,FY2026Q1,no,15-1252,Software Developers,TX,MCKINNEY,189063680.0,189063680.0,189063680.0
UNIVERSAL INSTRUMENTS CORPORATION,Universal Instruments Corporation,1,1,FY2026Q1,no,15-1252,Software Developers,NY,Conklin,85717.0,85717.0,85717.0
UNIVERSITY OF CALIFORNIA AT SANTA BARBARA,University of California at Santa Barbara,1,1,FY2026Q1,no,15-1252,Software Developers,CA,Santa Barbara,104196.0,104196.0,104196.0
UNIVERSITY OF DETROIT MERCY,University of Detroit Mercy,1,1,FY2026Q1,no,15-1252,Software Developers,MI,Detroit,73986.0,73986.0,73986.0
UNIVERSITY OF ILLINOIS FOUNDATION,University of Illinois Foundation,1,1,FY2026Q1,no,15-1252,Software Developers,IL,Champaign,75400.0,75400.0,75400.0
UNIVERSITY OF MINNESOTA,University of Minnesota,1,1,FY2026Q1,no,15-1252,Software Developers,MN,Minneapolis,88795.0,88795.0,88795.0
UNIVERSITY OF NORTH DAKOTA,University of North Dakota,1,1,FY2026Q1,no,15-1252,Software Developers,ND,Grand Forks,85358.0,85358.0,85358.0
UNIVERSITY OF WISCONSIN SYSTEM,University of Wisconsin System,1,1,FY2026Q1,no,15-1252,Software Developers,WI,MADISON,67829.0,67829.0,67829.0
UNSEEN AI INCORPORATED,Unseen AI Incorporated,1,1,FY2026Q1,no,15-1252,Software Developers,CA,Santa Clara,151840.0,151840.0,151840.0
UPSILON TECHNOLOGIES,UPSILON TECHNOLOGIES INC.,1,1,FY2026Q1,no,15-1252,Software Developers,KY,LOUISVILLE,90500.0,90500.0,90500.0
UPSTART NETWORK,"Upstart Network, Inc.",1,1,FY2026Q1,no,15-1252,Software Developers,CA,Mountain View,167100.0,167100.0,167100.0
V2SOFTWARE TECHNOLOGIES,V2Software Technologies LLC,1,1,FY2026Q1,no,15-1252,Software Developers,TX,Lewisville,90896.0,90896.0,90896.0
V3TECH SOLUTIONS,V3Tech Solutions Inc,1,1,FY2026Q1,no,15-1252,Software Developers,TX,San Antonio,95000.0,95000.0,95000.0
VARAD SOFTWARE SOLUTIONS,Varad Software Solutions LLC,1,1,FY2026Q1,no,15-1252,Software Developers,GA,Macon,79581.0,79581.0,79581.0
VASTIKA,"VASTIKA, INC.",1,1,FY2026Q1,no,15-1252,Software Developers,TX,Fort Worth,91520.0,91520.0,91520.0
VED SOFTWARE SERVICES,"VED Software Services, Inc.",1,1,FY2026Q1,no,15-1252,Software Developers,IL,Chicago,85467.0,85467.0,85467.0
VEENA,Veena Corp,1,1,FY2026Q1,no,15-1252,Software Developers,NC,Morrisville,91707.0,91707.0,91707.0
VEEVA SYSTEMS,Veeva Systems Inc.,1,1,FY2026Q1,no,15-1252,Software Developers,WA,Bellevue,142000.0,142000.0,142000.0
VELAGA ASSOCIATES,"Velaga Associates, Inc.",1,1,FY2026Q1,no,15-1252,Software Developers,WA,Seattle,118000.0,118000.0,118000.0
VELOCI TECH,Veloci Tech LLC,1,1,FY2026Q1,no,15-1252,Software Developers,TX,Richardson,91000.0,91000.0,91000.0
VEN SOLUTIONS,VEN SOLUTIONS LLC,1,1,FY2026Q1,no,15-1252,Software Developers,TX,IRVING,90896.0,90896.0,90896.0
VENNISON TECHNOLOGIES,VENNISON TECHNOLOGIES INC,1,1,FY2026Q1,no,15-1252,Software Developers,TX,Austin,90355.0,90355.0,90355.0
VENUS PACIFIC,Venus Pacific LLC,1,1,FY2026Q1,no,15-1252,Software Developers,CA,Orange,102232.0,102232.0,102232.0
VERTECHIE,VERTECHIE LLC,1,1,FY2026Q1,no,15-1252,Software Developers,VA,CHANTILLY,101421.0,101421.0,101421.0
VESTMARK,"Vestmark, Inc.",1,1,FY2026Q1,no,15-1252,Software Developers,MA,Wakefield,109794.0,109794.0,109794.0
VIGNA,"Vigna, Inc",1,1,FY2026Q1,no,15-1252,Software Developers,VA,Herndon,101421.0,101421.0,101421.0
VINELAND ENVIRONMENTAL LABORATORIES,"Vineland Environmental Laboratories, LLC",1,1,FY2026Q1,no,15-1252,Software Developers,NJ,Vineland,89898.0,89898.0,89898.0
VIRTUE GROUP,Virtue Group LLC,1,1,FY2026Q1,no,15-1252,Software Developers,TX,Haslet,90896.0,90896.0,90896.0
VISHGLO INFOSOLUTIONS,VISHGLO INFOSOLUTIONS INC,1,1,FY2026Q1,no,15-1252,Software Developers,TX,DALLAS,91000.0,91000.0,91000.0
VISION TECH,Vision Tech Inc.,1,1,FY2026Q1,no,15-1252,Software Developers,WA,Seattle,120000.0,120000.0,120000.0
VISTAAR TECHNOLOGIES,"Vistaar Technologies, Inc.",1,1,FY2026Q1,no,15-1252,Software Developers,NJ,Parsippany,115000.0,115000.0,115000.0
VISUAL GRAPHIC SYSTEMS,"Visual Graphic Systems, Inc.",1,1,FY2026Q1,no,15-1252,Software Developers,NJ,Carlstadt,103210.0,103210.0,103210.0
VIVID EDGE,Vivid Edge Corp.,1,1,FY2026Q1,no,15-1252,Software Developers,PA,Chester Springs,105930.0,105930.0,105930.0
VIZ CLOUD TECHNOLOGIES,VIZ CLOUD TECHNOLOGIES LLC,1,1,FY2026Q1,no,15-1252,Software Developers,TX,IRVING,95000.0,95000.0,95000.0
VMARK SOLUTIONS,VMark Solutions Inc,1,1,FY2026Q1,no,15-1252,Software Developers,DE,Newark,88088.0,88088.0,88088.0
VML,VML LLC,1,1,FY2026Q1,no,15-1252,Software Developers,AR,Rogers,94000.0,94000.0,94000.0
VOLANTE TECHNOLOGIES,Volante Technologies Inc.,1,1,FY2026Q1,no,15-1252,Software Developers,NJ,Jersey City,125000.0,125000.0,125000.0
VORTEX COMPANIES,"Vortex Companies, LLC",1,1,FY2026Q1,no,15-1252,Software Developers,TX,Houston,85000.0,85000.0,85000.0
VOTO CONSULTING,Voto Consulting LLC,1,1,FY2026Q1,no,15-1252,Software Developers,CA,San Francisco,135699.0,135699.0,135699.0
VOXEL LABS,Voxel Labs Inc.,1,1,FY2026Q1,no,15-1252,Software Developers,CA,San Francisco,151000.0,151000.0,151000.0
VSQUARE INFOTECH,"VSQUARE INFOTECH, INC.",1,1,FY2026Q1,no,15-1252,Software Developers,NJ,Edison,103210.0,103210.0,103210.0
VUEDATA,VueData LLC,1,1,FY2026Q1,no,15-1252,Software Developers,MA,Bedford,110000.0,110000.0,110000.0
VYPRA,Vypra Inc,1,1,FY2026Q1,no,15-1252,Software Developers,VA,Aldie,101421.0,101421.0,101421.0
WAABI INNOVATION US,Waabi Innovation (US) Inc.,1,1,FY2026Q1,no,15-1252,Software Developers,CA,Santa Clara,180180.0,180180.0,180180.0
WALL STREET CONSULTING SERVICES,WALL STREET CONSULTING SERVICES LLC,1,1,FY2026Q1,no,15-1252,Software Developers,NY,Bldg. 12,85821.0,85821.0,85821.0
WARECODES,Warecodes LLC,1,1,FY2026Q1,no,15-1252,Software Developers,VA,Glen Allen,83637.0,83637.0,83637.0
WEAVE COMMUNICATIONS,"Weave Communications, Inc.",1,1,FY2026Q1,no,15-1252,Software Developers,CA,San Jose,149365.0,149365.0,149365.0
WEBMD HEALTH SERVICES GROUP,"WebMD Health Services Group, Inc.",1,1,FY2026Q1,no,15-1252,Software Developers,OR,Hillsboro,102898.0,102898.0,102898.0
WEKAIO,"WekaIO, Inc.",1,1,FY2026Q1,no,15-1252,Software Developers,CA,Campbell,175000.0,175000.0,175000.0
WELD ON ADHESIVES,"Weld-on Adhesives, Inc.",1,1,FY2026Q1,no,15-1252,Software Developers,TX,Northlake,102342.0,102342.0,102342.0
WELLS FARGO BANK N A,"WELLS FARGO BANK, N.A.",1,1,FY2026Q1,no,15-1252,Software Developers,AZ,Chandler,87651.0,87651.0,87651.0
WENCOR GROUP,"Wencor Group, LLC",1,1,FY2026Q1,no,15-1252,Software Developers,GA,Peachtree City,87859.0,87859.0,87859.0
WENTY,WENTY LLC,1,1,FY2026Q1,no,15-1252,Software Developers,TX,PLANO,91000.0,91000.0,91000.0
WEST CHESTER UNIVERSITY OF PENNSYLVANIA,WEST CHESTER UNIVERSITY OF PENNSYLVANIA,1,1,FY2026Q1,no,15-1252,Software Developers,PA,West Chester,98544.0,98544.0,98544.0
WILLIAM PATERSON UNIVERSITY OF NEW JERSEY,William Paterson University of New Jersey,1,1,FY2026Q1,no,15-1252,Software Developers,NJ,Wayne,105810.0,105810.0,105810.0
WILLOW LABORATORIES,"WILLOW LABORATORIES, INC.",1,1,FY2026Q1,no,15-1252,Software Developers,CA,Irvine,103300.0,103300.0,103300.0
WITNESSAI,"WitnessAI, Inc.",1,1,FY2026Q1,no,15-1252,Software Developers,CA,Mountain View,150000.0,150000.0,150000.0
WOLTERS KLUWER DXG U S,"Wolters Kluwer DXG U.S., Inc.",1,1,FY2026Q1,no,15-1252,Software Developers,TX,Coppell,121412.0,121412.0,121412.0
WOOT COM,WOOT.COM LLC,1,1,FY2026Q1,no,15-1252,Software Developers,TX,CARROLLTON,129000.0,129000.0,129000.0
WOOT SERVICES,Woot Services LLC,1,1,FY2026Q1,no,15-1252,Software Developers,TX,Carollton,129000.0,129000.0,129000.0
WOVEN BY TOYOTA U S,"Woven by Toyota, U.S., Inc.",1,1,FY2026Q1,no,15-1252,Software Developers,CA,Palo Alto,185000.0,185000.0,185000.0
WYND TECHNOLOGIES,Wynd Technologies Inc.,1,1,FY2026Q1,no,15-1252,Software Developers,CA,Newark,147368.0,147368.0,147368.0
X,X Corp.,1,1,FY2026Q1,no,15-1252,Software Developers,CA,Palo Alto,150000.0,150000.0,150000.0
X AI,X.AI LLC,1,1,FY2026Q1,no,15-1252,Software Developers,CA,Palo Alto,150000.0,150000.0,150000.0
XCELACORE,"Xcelacore, Inc.",1,1,FY2026Q1,no,15-1252,Software Developers,CA,San Jose,149365.0,149365.0,149365.0
XPAND CORPORATION,Xpand Corporation,1,1,FY2026Q1,no,15-1252,Software Developers,VA,Herndon,161631.0,161631.0,161631.0
XPANSE,"Xpanse, LLC",1,1,FY2026Q1,no,15-1252,Software Developers,MN,Eden Prairie,87360.0,87360.0,87360.0
YALE UNIVERSITY,Yale University,1,1,FY2026Q1,no,15-1252,Software Developers,CT,New Haven,109262.0,109262.0,109262.0
YOM SOLUTIONS,Yom Solutions LLC,1,1,FY2026Q1,no,15-1252,Software Developers,WA,Seattle,118000.0,118000.0,118000.0
YUPP VIDEO SERVICES,Yupp Video Services LLC,1,1,FY2026Q1,no,15-1252,Software Developers,GA,Alpharetta,90000.0,90000.0,90000.0
ZAPPOS COM,Zappos.com LLC,1,1,FY2026Q1,no,15-1252,Software Developers,NY,New York,135900.0,135900.0,135900.0
ZEALOUS SOLUTIONS,Zealous Solutions,1,1,FY2026Q1,no,15-1252,Software Developers,NC,New Hill,93600.0,93600.0,93600.0
ZEUS SOLUTIONS,Zeus Solutions Inc,1,1,FY2026Q1,no,15-1252,Software Developers,TX,Houston,84094.0,84094.0,84094.0
ZOOM COMMUNICATIONS,"Zoom Communications, Inc.",1,1,FY2026Q1,no,15-1252,Software Developers,WA,Bellevue,300000.0,300000.0,300000.0
ZREYA TECH,ZREYA TECH INC,1,1,FY2026Q1,no,15-1252,Software Developers,TX,Irving,90896.0,90896.0,90896.0
ZT GROUP INT L,"ZT Group Int'l, Inc.",1,1,FY2026Q1,no,15-1252,Software Developers,NJ,Secaucus,103210.0,103210.0,103210.0
ZUME IT,"Zume IT, Inc.",1,1,FY2026Q1,no,15-1252,Software Developers,NJ,Piscataway,103210.0,103210.0,103210.0
